city,year,region,nightlight_ratio,city_population_k,city_salary_usd,regional_gdp_billion,gdp_method1_population,gdp_method2_salary_adj,gdp_method3_nightlight,gdp_method4_comprehensive,gdp_ensemble_billion,gdp_per_capita_usd
Tashkent,2017,Tashkent city,12.799317000171044,2424.1,336.6,12.937967559023027,12.937967559023027,12.937967559023027,32.34491889755757,36.66085003286892,23.720426012118136,9.785250613472272
Samarkand,2017,Samarkand region,10.22947617533209,523.8,241.5,3.7848033900041584,0.5428923558025517,0.6744264605263179,1.3798058819935035,1.3566983638787087,0.9884557655502705,1.887086226709184
Navoiy,2017,Navoi region,9.7133159808689,134.1,363.5,1.8241178626134424,0.2594550332800834,0.28364482585657236,0.5510263639766841,0.5425574021850157,0.4091709063245889,3.051237183628553
Jizzakh,2017,Jizzakh region,10.051583559329169,169.6,265.1,1.415213695551195,0.18448904132627414,0.23201159798669485,0.4664167927793501,0.41577634327168816,0.32467344384100183,1.9143481358549637
Termez,2017,Surkhandarya region,7.2955167431561,142.1,252.1,2.562383715008185,0.14787585830429398,0.17931459297023813,0.2616385230613187,0.29439270985633087,0.2208054210480454,1.5538734767631626
Bukhara,2017,Bukhara region,6.806204547275529,276.0,233.9,2.3306715963525417,0.34893700059305754,0.33865711385359404,0.4609939176555077,0.677198633319377,0.4564466663553841,1.6537922694035656
Qarshi,2017,Kashkadarya region,5.576717484682456,264.2,268.8,3.827386791467998,0.32737489973641704,0.3971045715214301,0.44290800145017883,0.637359208273443,0.4511866702453672,1.7077466701187252
Namangan,2017,Namangan region,4.918949146911862,590.2,225.3,2.8069058942973206,0.6245799497867135,0.7106962761966998,0.6991757683022387,1.2329634355180095,0.8168538574509153,1.3840289011367592
Nukus,2017,Republic of Karakalpakstan,4.004636473868639,307.4,290.4,2.5595615750601506,0.43290741577633574,0.5212119135217574,0.4174528479008194,0.7719175056294076,0.53587242070708,1.7432414466723485
Urgench,2017,Khorezm region,3.9307238730491663,139.3,243.3,1.9687700839212878,0.15435902104476582,0.18125265357235293,0.14249082649007158,0.2523255157538126,0.18260700421525072,1.3108901953715055
Gulistan,2017,Syrdarya region,3.2710381826776427,87.5,238.6,0.9501635421056779,0.10352298584764888,0.10876523303940565,0.07115504604394554,0.14792453189186922,0.10784194920571731,1.2324794194939122
Andijan,2017,Andijan region,2.638886131843619,421.9,247.0,3.362838613526731,0.4789136239820853,0.5525066096383703,0.29160040598532627,0.7651000689628181,0.52203017714215,1.2373315409863712
Fergana,2017,Fergana region,2.57215814118144,100.0,271.9,4.084751308066835,0.1145857076993614,0.15257519061437982,0.07848950373621741,0.16577757871753654,0.1278569951918738,1.278569951918738
Nurafshon,2017,Tashkent region,1.6722223242933112,0.0,244.7,4.2844643730014536,0.0,0.0,0.0,,,
Tashkent,2018,Tashkent city,15.70643883455397,2464.9,261.9,14.171371152217894,14.171371152217894,14.171371152217894,35.42842788054473,42.51411345665368,26.571320910408552,10.779877849165707
Samarkand,2018,Samarkand region,10.649307157458196,529.6,181.7,3.8216323806035493,0.5440543288534286,0.6507878311564712,1.386087901664261,1.3618686626284653,0.9856996810756566,1.8612154098860587
Navoiy,2018,Navoi region,12.866875096916305,135.6,279.9,1.870423970896948,0.26474894619376427,0.29940699005912974,0.7485174751478243,0.6091623444845695,0.48045893897132197,3.5432075145377726
Jizzakh,2018,Jizzakh region,11.78236958501085,171.7,199.6,1.3445011469230033,0.1742270542842865,0.21734825021964743,0.5121754825486603,0.4113031191034058,0.328763476539,1.9147552506639487
Termez,2018,Surkhandarya region,9.011440274274896,143.8,200.7,2.6373170860164956,0.15084169794335062,0.18792010414171612,0.33868615896171866,0.32291731760957904,0.2500913196640911,1.7391607765235821
Bukhara,2018,Bukhara region,8.829208971335014,276.4,185.0,2.2217899836427253,0.3283620743657626,0.3359899544118699,0.5933051039543449,0.70011956071001,0.48944417336049684,1.7707821033303068
Qarshi,2018,Kashkadarya region,5.900006291885098,267.6,204.6,3.9430289023590457,0.33513992322172553,0.37779409526812696,0.44579750782379746,0.6499259968597765,0.45216438079335664,1.6897024693324239
Namangan,2018,Namangan region,5.457187985258813,600.2,179.3,2.8307669025682176,0.6293622369689749,0.7337103321751443,0.80079904188129,1.2929133733927323,0.8641962461045354,1.439847127798293
Nukus,2018,Republic of Karakalpakstan,7.335953533811824,310.9,238.9,2.5963713557801777,0.43815440184120785,0.5624668812459138,0.8252461810256154,0.9560223523017758,0.6954724541036282,2.2369651145179423
Urgench,2018,Khorezm region,5.651739695959133,140.2,193.5,1.9839203313568554,0.1540973021918178,0.18148404123016884,0.20514011200072582,0.2813163802491063,0.2055094589179547,1.4658306627528865
Gulistan,2018,Syrdarya region,4.022724630124587,88.2,180.2,0.9584221942868365,0.10360686056636718,0.10988791214867195,0.08840976215068591,0.15809763065196095,0.1150005413794215,1.303861013372126
Andijan,2018,Andijan region,3.3289922973697443,427.5,204.3,3.4552962735351223,0.4904668980762576,0.6014549056241263,0.4004477496075926,0.8566287060252944,0.5872495648333178,1.3736831925925561
Fergana,2018,Fergana region,3.006685556994765,100.0,213.7,4.036451541765767,0.11149802612468282,0.15244483802203912,0.09167073854385428,0.17039123303651138,0.13150120893177192,1.3150120893177193
Nurafshon,2018,Tashkent region,1.6133173954138458,47.7,224.9,4.6287067780473565,0.07716668296968367,0.0821722869312588,0.02651399598542753,0.0840493244621731,0.06747557258713578,1.4145822345311485
Tashkent,2019,Tashkent city,15.666624221005664,2509.9,310.6,16.537543572323386,16.537543572323386,16.537543572323386,41.343858930808466,49.61263071697016,31.00789419810635,12.354234909002887
Samarkand,2019,Samarkand region,11.063863285479252,538.2,207.5,4.469911829582462,0.633263983437648,0.7444888190555918,1.6473845023197937,1.597332967009956,1.1556175679557474,2.1471898326936967
Navoiy,2019,Navoi region,16.331233357450934,136.4,314.4,2.170616537461838,0.3022686020518578,0.34233879137285333,0.8558469784321333,0.7478148378848264,0.5620673024354177,4.120728023720071
Jizzakh,2019,Jizzakh region,10.100242589232488,174.4,226.8,1.5146834007033236,0.19532740689341885,0.2455668286221031,0.4960569081903443,0.4419687089092598,0.3447299631537815,1.9766626327625088
Termez,2019,Surkhandarya region,11.661063075591455,145.1,229.7,2.963929870268543,0.1673474548332486,0.21062855000108055,0.4912305614165938,0.38858237051489797,0.31444723419145526,2.1671070585214007
Bukhara,2019,Bukhara region,11.209207429996194,277.8,210.9,2.5342677727890623,0.3715535081701507,0.3892729005120953,0.8726881377432697,0.8574592631323498,0.6227434523894664,2.2416970928346522
Qarshi,2019,Kashkadarya region,6.675307691005497,270.7,220.3,4.249359257809113,0.3580036572434493,0.40445233687554816,0.5399687589980986,0.7216909634716516,0.5060289291471869,1.869334795519715
Namangan,2019,Namangan region,5.352255302810507,612.2,205.2,3.250825916390109,0.7229305917447146,0.8385831397739707,0.8976622113405438,1.4767665869053153,0.983985632441136,1.6072944012432802
Nukus,2019,Republic of Karakalpakstan,8.549117598654579,314.9,267.7,2.8590137491394194,0.4814971813049541,0.6140866862093197,1.0499798592343135,1.0990620868328618,0.8111564533953622,2.5759176036689815
Urgench,2019,Khorezm region,5.936926096196221,141.7,227.3,2.3778435117015873,0.18354874195571982,0.2119950662933695,0.2517198082683907,0.33843196260901764,0.2464238947816244,1.7390535976120283
Gulistan,2019,Syrdarya region,4.337515887615992,89.0,216.3,1.0917072810287678,0.11707669359146926,0.12953293516028033,0.11237023284544961,0.18523582349072215,0.13605392127198035,1.5286957446289928
Andijan,2019,Andijan region,3.3032254021908773,433.9,228.1,3.978441080260854,0.5628633423734665,0.6690418363490761,0.44199919779134,0.9729123585208987,0.6617041837586953,1.5250154039149466
Fergana,2019,Fergana region,3.3464809279136887,100.0,240.5,4.737259012217882,0.12861453077994953,0.16995491567350474,0.11375017678131256,0.200899868156732,0.1533048728478747,1.533048728478747
Nurafshon,2019,Tashkent region,1.686915832712203,48.2,262.8,5.16459720832366,0.08588358994003811,0.09633037744874953,0.032500247777887625,0.09640126138178644,0.07777886913711543,1.6136694841725192
Tashkent,2020,Tashkent city,15.5405289100409,2571.7,325.9,17.330405328240396,17.330405328240396,17.330405328240396,43.32601332060099,51.99121598472119,32.494509990450744,12.63542014638206
Samarkand,2020,Samarkand region,12.683303060613731,546.3,213.0,4.319550606227463,0.6085960943369431,0.7497453331045046,1.8743633327612617,1.6239991628613328,1.2141759807660106,2.222544354321821
Navoiy,2020,Navoi region,21.654427940936102,144.2,330.1,2.2608647820007044,0.3269648997738457,0.37738151543827436,0.943453788595686,0.8901465229294391,0.6344866816843112,4.400046336229621
Jizzakh,2020,Jizzakh region,11.135456973248134,177.4,231.3,1.5204445311782864,0.195157267803363,0.2487045512006494,0.5538877657891639,0.45729326582476837,0.3637607126544862,2.0505113452902264
Termez,2020,Surkhandarya region,11.718492890027148,179.6,228.4,2.970423321452574,0.2029165982780732,0.2545093412779348,0.5964931812421943,0.48107065548475114,0.38374744407073835,2.1366784191021067
Bukhara,2020,Bukhara region,12.118896036638976,280.2,213.1,2.551485544310582,0.3716026038337881,0.37798813783761454,0.9161597891073627,0.8708154677225456,0.6341414996253277,2.2631745168641246
Qarshi,2020,Kashkadarya region,8.184969817392982,274.9,227.2,3.9439867758022884,0.3305090734873945,0.4105612985037508,0.6720863672885741,0.7297649762645234,0.5357304288860607,1.948819312062789
Namangan,2020,Namangan region,5.377469529670859,626.1,204.0,3.112240014475877,0.6932451519365825,0.832383819864996,0.8952237256630106,1.4356061312631132,0.9641147071819256,1.5398733543873593
Nukus,2020,Republic of Karakalpakstan,10.224317762338798,319.6,262.2,2.739131425345482,0.46116335855260815,0.5886905190481687,1.2037917860849274,1.1124817566028575,0.8415318550721405,2.633078395094307
Urgench,2020,Khorezm region,5.713981550529461,143.7,236.4,2.3111249970939234,0.17793124140498084,0.21637317627642733,0.2472704674545929,0.3298269815423226,0.2428504666695809,1.6899823706999366
Gulistan,2020,Syrdarya region,4.696592655197227,90.4,214.9,1.0836155996277679,0.11574955713854451,0.127955657556961,0.12019112029459092,0.18780659000695163,0.13792573124926202,1.5257271155891816
Andijan,2020,Andijan region,3.5763473274453594,441.7,238.0,3.9841548251116676,0.5626502497847695,0.6924030995283099,0.4952547949025909,1.007987138066438,0.6895738205705271,1.5611813913754293
Fergana,2020,Fergana region,3.0676504302780754,100.0,250.8,4.588266026916688,0.12228854016302473,0.1725940679397108,0.10589165335573944,0.18981020249122665,0.14764611598742539,1.4764611598742539
Nurafshon,2020,Tashkent region,1.699435677034479,48.7,289.0,4.984306222216302,0.08250984500558615,0.10486079686286015,0.035640835862201944,0.0964719805009834,0.07987086455790793,1.6400588204909226
Tashkent,2021,Tashkent city,16.094073930239055,2694.4,376.8,21.781655204747636,21.781655204747636,21.781655204747636,54.45413801186909,65.34496561424291,40.84060350890182,15.157587406807385
Samarkand,2021,Samarkand region,14.961591615880604,551.7,241.4,5.085137965553354,0.7106595272173128,0.9033870977896752,2.258467744474188,2.013238266650896,1.471438159033018,2.667098348800105
Navoiy,2021,Navoi region,18.98757096852162,146.9,439.8,2.9215490546707437,0.42341708379156695,0.5293315334040112,1.323328833510028,1.1370669392876185,0.8532860974983061,5.808618771261443
Jizzakh,2021,Jizzakh region,13.16299573136522,180.5,253.3,1.7843605497365789,0.22834248793155085,0.2905030245759007,0.7262575614397517,0.5632241639271242,0.4520818094685819,2.504608362706825
Termez,2021,Surkhandarya region,11.54215682451972,182.8,263.9,3.4173890557187003,0.23302697679251658,0.313274677409807,0.7231730911629636,0.5624525537412792,0.45798182477664157,2.505371032694976
Bukhara,2021,Bukhara region,12.177891026001864,281.2,240.9,2.817297344630395,0.40687381917213655,0.4469489422643305,1.0885791026163631,0.9774616028168792,0.7299658667174274,2.5958956853393578
Qarshi,2021,Kashkadarya region,9.137647464878178,278.3,270.7,4.629518586725717,0.3862790138171635,0.5151021134990451,0.9413643043135882,0.901508377576,0.6860634523014493,2.4651938638212334
Namangan,2021,Namangan region,6.129600501849183,644.8,227.5,3.672257053436861,0.8257615860701265,1.002993917944227,1.2295904045565225,1.7891227279574153,1.2118671591320729,1.8794465867432892
Nukus,2021,Republic of Karakalpakstan,10.120636622216088,323.8,294.4,3.1677630190210255,0.5332025084779374,0.7004677309054206,1.4178358740164008,1.2949384740637342,0.9866111468658733,3.0469769822911466
Urgench,2021,Khorezm region,5.341279783814344,145.0,271.7,2.6677980119593694,0.20431559273971825,0.2613585054019842,0.27919778024631003,0.37715500991073764,0.2805067220746875,1.9345291177564659
Gulistan,2021,Syrdarya region,4.741076037645411,91.3,246.4,1.2602939056466556,0.13365644509877994,0.15432496753673558,0.1463332811197646,0.22055446121523242,0.16371728874262814,1.793179504300418
Andijan,2021,Andijan region,3.5818186690622538,450.0,263.9,4.604686552923586,0.6499510519794278,0.8098304184011851,0.5801331422807722,1.1711635703208365,0.8027695457455555,1.7839323238790121
Fergana,2021,Fergana region,3.4971457863448143,100.0,266.5,5.297255543601129,0.1386716110890348,0.19088834894229223,0.13351287703317116,0.2221975369553495,0.17131759350496192,1.7131759350496194
Nurafshon,2021,Tashkent region,1.709489385009349,51.4,332.9,6.093038151628254,0.10523947746688135,0.13331134721736987,0.04557886659387788,0.12386103549708431,0.10199768169380335,1.984390694431972
Tashkent,2022,Tashkent city,15.20751218472082,2860.6,435.9,25.45781569595086,25.45781569595086,25.45781569595086,63.64453923987715,76.37344708785258,47.733404429907864,16.68650088439763
Samarkand,2022,Samarkand region,15.606293717426064,561.7,281.2,6.136031905200018,0.8549622010643838,1.0839286336307696,2.709821584076924,2.454682788208731,1.775848801745202,3.1615609787167567
Navoiy,2022,Navoi region,18.417634930519228,150.6,439.0,3.1580628895461498,0.4600099343898347,0.5210122837903441,1.3025307094758602,1.1912136885669815,0.8686916540557552,5.768204874208202
Jizzakh,2022,Jizzakh region,13.720844828808689,185.1,287.0,2.0898307778567,0.2679975592221665,0.3360214045293219,0.8400535113233047,0.6679833349545247,0.5280139525073294,2.852587533805129
Termez,2022,Surkhandarya region,11.024898361476106,189.5,308.4,4.0207166684772,0.2777507322384184,0.37421723819278385,0.8251414032375473,0.6639232933657304,0.53525816675862,2.824581354926755
Bukhara,2022,Bukhara region,13.152349704212607,283.8,283.3,3.193379177120831,0.4584586252867725,0.5256225355877889,1.3140563389694724,1.142626492414221,0.8601909980645637,3.0309760326446926
Qarshi,2022,Kashkadarya region,9.36598894213052,283.2,302.8,5.420170537090983,0.45036889244026823,0.5817905317018482,1.0898087373111491,1.0505136623699098,0.7931204559557938,2.8005665817648087
Namangan,2022,Namangan region,6.426248311454459,661.1,264.0,4.59607375596867,1.036629374661693,1.1909058090108222,1.5306112888514205,2.245032212818271,1.5007946713355516,2.270147740637652
Nukus,2022,Republic of Karakalpakstan,9.208640756086057,329.0,335.8,3.529846257468748,0.5960068866857676,0.793573007728314,1.4615457483793495,1.4147351774265042,1.0664652050549839,3.2415355776747234
Urgench,2022,Khorezm region,5.584964392657686,146.7,317.4,3.093569764082081,0.2358521382345085,0.30743108285680903,0.34339833019029464,0.4442325350289576,0.33272852157764243,2.268088081647188
Gulistan,2022,Syrdarya region,4.155650985011267,93.4,285.3,1.4174340181393246,0.15068101217187904,0.1788240131973257,0.14862603731742685,0.2415377180841004,0.179917195192683,1.926308299707527
Andijan,2022,Andijan region,3.617017607493529,458.5,317.8,5.634414051607749,0.7940306877707555,0.9942590723937985,0.7192505142517105,1.4394573706840166,0.9867494112750703,2.152125215430906
Fergana,2022,Fergana region,3.0444382842253206,100.0,322.5,6.262140797714096,0.16071606605364172,0.22564619635306685,0.1373931837734201,0.2484975223188332,0.19306324212474046,1.9306324212474046
Nurafshon,2022,Tashkent region,1.8179951036048432,52.7,386.9,6.390513703776588,0.11449263035492985,0.1526436894704423,0.05550109601068845,0.13975773425265436,0.11559878752217873,2.19352537992749
Tashkent,2023,Tashkent city,14.582481235182216,2956.4,515.0,30.44419491311169,30.44419491311169,30.44419491311169,76.11048728277923,91.05898945673002,57.01446664143316,19.285098985737097
Samarkand,2023,Samarkand region,14.85521915894252,572.8,311.0,6.716447385169904,0.9341899524611046,1.195609363026352,2.98902340756588,2.654677176317717,1.9433749748427633,3.3927635733986787
Navoiy,2023,Navoi region,13.417535642069192,156.0,488.0,3.4586942344143106,0.5111855050389696,0.585445966812995,1.4636149170324875,1.2118482083431488,0.9430236493069002,6.04502339299295
Jizzakh,2023,Jizzakh region,13.358114189594694,191.6,318.1,2.3453532161287782,0.304554168898864,0.3864327129107644,0.966081782276911,0.7581764251480749,0.6038112723086535,3.151415826245582
Termez,2023,Surkhandarya region,11.37066199819817,195.7,350.4,4.428691178840721,0.30881698332411506,0.4295731280538702,0.9769061685218516,0.7545006107408887,0.6174492226601814,3.1550803406243304
Bukhara,2023,Bukhara region,10.696363598776784,289.2,320.6,3.50190288465314,0.5039310913279037,0.5988150773896439,1.281028759237858,1.1952261810777696,0.8947502772582938,3.093880626757586
Qarshi,2023,Kashkadarya region,10.436004272624205,288.9,334.4,5.786087000095196,0.480027721427649,0.6410593851653587,1.3380196965183055,1.170326533262054,0.9073583340933418,3.1407349743625534
Namangan,2023,Namangan region,6.5627254640286194,678.2,287.2,4.786007191191368,1.0828590749177602,1.3105652183581151,1.720175946157806,2.4023193150306725,1.6289798886160884,2.4019166744560434
Nukus,2023,Republic of Karakalpakstan,5.886158343496469,334.6,367.4,3.8587412541600994,0.6533421838083034,0.8634457493927002,1.0164756803888806,1.3549947999135812,0.9720646033758664,2.90515422407611
Urgench,2023,Khorezm region,5.290639541725045,149.9,357.4,3.397430438696242,0.26008621763983797,0.34736477647413333,0.3675563643633063,0.48652368219167796,0.3653827601672389,2.437510074497925
Gulistan,2023,Syrdarya region,3.753579329011973,96.2,303.9,1.550839734404875,0.1663961437092895,0.19411818838100992,0.1457276038584422,0.2581475860002489,0.19109738048724761,1.9864592566241954
Andijan,2023,Andijan region,3.542432571080888,468.1,360.5,6.264583448639986,0.8825507907148937,1.1461079252619566,0.812002008884379,1.6103262709104649,1.1127467489429237,2.377156054139978
Fergana,2023,Fergana region,2.9063437543022674,100.0,347.6,6.627682380596899,0.1666796363603576,0.23842733168255267,0.13859035725810842,0.2555810715307559,0.19981959920794362,1.9981959920794363
Nurafshon,2023,Tashkent region,1.7224410317458574,54.1,447.2,6.8333447398967735,0.12349968277825063,0.17656348509729436,0.060824038287925604,0.15189541638118886,0.12819565563616486,2.3696054646241196
Tashkent,2024,Tashkent city,13.945394202579722,3040.8,570.0,33.27781264377908,33.27781264377908,33.27781264377908,83.1945316094477,98.41587570789736,62.041508151225806,20.403021623002434
Samarkand,2024,Samarkand region,13.108391633983462,585.2,337.2,7.1912177889371405,0.9999526315993856,1.2835326508386482,3.2088316270966204,2.7442916252602263,2.05915213369872,3.518715197707998
Navoiy,2024,Navoi region,12.532906711814713,161.3,511.4,3.5891181869208046,0.5383844169537114,0.6145754259601072,1.5364385649002679,1.2532427501497065,0.9856602894909482,6.110727151214806
Jizzakh,2024,Jizzakh region,12.328684814113576,195.8,337.9,2.463918310999304,0.3200445835834309,0.40824109019570143,1.0066151458385828,0.7806207330572447,0.6288803881687399,3.211850807807661
Termez,2024,Surkhandarya region,9.815630019238318,201.6,368.4,4.524729415869943,0.3170503111603283,0.4528938915527916,0.8890877754910489,0.7491920617847997,0.6020560099972421,2.986388938478383
Bukhara,2024,Bukhara region,9.6228891436623,294.5,341.5,3.583137496278595,0.5162592919051107,0.6278580775840288,1.2083617357088066,1.1964695026770942,0.8872371519687601,3.012689819927878
Qarshi,2024,Kashkadarya region,8.985729235680079,295.6,344.4,5.871967031695844,0.4874890340305824,0.6527652539663008,1.173114365320224,1.139616249827153,0.8632462257860651,2.9203187611165937
Namangan,2024,Namangan region,6.362273028886039,696.5,303.2,5.0163971527646485,1.139532506082834,1.378716104725919,1.754353657517707,2.5099890242669742,1.6956478231483587,2.4345266664010894
Nukus,2024,Republic of Karakalpakstan,5.642544970188408,339.2,403.8,3.9417301760881616,0.6676161560538795,0.9289572839922693,1.0483366500620928,1.3901377123763508,1.008761950621148,2.9739444298972524
Urgench,2024,Khorezm region,5.207313688226076,153.1,388.8,3.516569970140398,0.26978696253181744,0.3744847234286705,0.39001188526833447,0.5091473170168613,0.385857722061421,2.520298641812025
Gulistan,2024,Syrdarya region,3.7510951120189455,99.3,330.8,1.6460941938166582,0.1788371481903656,0.2112833165049034,0.15850876315853898,0.2793329816805191,0.20699055238358177,2.0844970028558083
Andijan,2024,Andijan region,3.5958530692155786,480.8,392.2,6.660649426987135,0.943448104081845,1.237940269056205,0.8902902631982628,1.7385893444355816,1.2025669951929736,2.501179274527815
Fergana,2024,Fergana region,2.8163741894341547,100.0,360.2,6.8575063951583255,0.16884171845767143,0.23849720387628726,0.13433947384987818,0.2554982493940856,0.1992941613944806,1.9929416139448062
Nurafshon,2024,Tashkent region,1.684984677009856,56.2,450.9,6.859151810563958,0.12631375966763694,0.1785979123052289,0.06018694911605214,0.15444745692041523,0.12988651950233332,2.3111480338493475
