GDP per Capita*;2017;2018;2019;2020;2021;2022;2023;2024
Republic of Karakalpakstan;1558.903498;1413.487897;1555.103215;1458.859406;1590.603897;1897.871073;1949.899164;2063.818522
Andijan region;1793.267361;1495.325705;1627.983609;1553.59345;1619.405977;2014.149212;2289.986143;2414.111726
Bukhara region;2476.398006;1944.527433;2194.197076;2082.178019;2346.670812;2722.658029;2998.154425;3169.258267
Jizzakh region;1945.002148;1599.632107;1765.172047;1705.859376;1965.97262;2188.997825;2492.693442;2585.771222
Kashkadarya region;2026.872772;1399.756882;1491.055703;1377.725776;1520.301288;1759.276754;1939.532729;2050.650464
Navoi region;4175.600517;3927.612896;5498.543949;6382.655536;6903.50343;7245.168884;8222.763146;9874.747167
Namangan region;1512.27719;1161.393186;1283.456775;1267.300689;1707.628137;1722.121959;1909.409618;2034.687048
Samarkand region;1936.862176;1464.364385;1517.204592;1418.547375;1596.367629;1780.583542;1986.478269;2148.110027
Surkhandarya region;1539.273581;1232.642396;1289.46323;1197.461217;1319.673562;1486.889444;1647.619904;1710.18509
Syrdarya region;2215.421633;1743.205857;2125.697381;1934.177299;2085.82418;2386.902469;2633.752005;2773.503902
Tashkent region;2722.546155;2329.706625;2808.902872;2798.923002;3291.869229;3651.98913;3991.516353;4342.170431
Fergana region;1539.282206;1267.291553;1312.732588;1268.092512;1489.633496;1749.524172;1930.177186;2035.668373
Khorezm region;1783.737203;1468.323611;1549.333704;1459.9811;1665.385978;2024.344635;2194.053007;2325.30188
Tashkent city;4646.521835;4294.735977;5018.613125;4734.960816;5385.017441;6273.137517;7158.255773;8369.740225
