Regions population,2017.0,2018.0,2019.0,2020.0,2021.0,2022.0,2023.0,2024.0
Republic of Karakalpakstan,1817.5,1842.3,1869.8,1898.3,1923.7,1948.5,1976.2,2002.7
Andijan region,2962.5,3011.7,3066.9,3127.7,3188.1,3253.5,3322.7,3394.4
Bukhara region,1843.5,1870.2,1894.8,1923.9,1947.1,1976.8,2009.7,2044.0
Jizzakh region,1301.0,1325.0,1352.4,1382.1,1410.5,1443.4,1475.5,1507.4
Kashkadarya region,3088.8,3148.4,3213.1,3280.4,3335.4,3408.3,3482.3,3560.6
Navoi region,942.8,958.0,979.5,997.1,1013.6,1033.9,1055.5,1075.3
Namangan region,2652.4,2699.6,2752.9,2810.8,2867.5,2931.1,2997.5,3066.1
Samarkand region,3651.7,3720.1,3798.9,3877.4,3947.7,4031.3,4118.2,4208.5
Surkhandarya region,2462.3,2514.2,2569.9,2629.1,2680.8,2743.2,2806.5,2877.1
Syrdarya region,803.1,815.9,829.9,846.3,860.9,878.6,896.6,914.0
Tashkent region,2829.3,2861.2,2898.5,2941.9,2975.9,2941.5,2993.4,3051.8
Fergana region,3564.8,3620.2,3683.3,3752.0,3820.0,3896.4,3976.3,4061.5
Khorezm region,1776.7,1805.0,1835.7,1866.5,1893.3,1924.2,1958.1,1995.6
Tashkent city,2424.1,2464.9,2509.9,2571.7,2694.4,2860.6,2956.4,3040.8
