city,year,summer_ndvi_mean,winter_ndvi_mean,ndvi_change_mean,summer_evi_mean,winter_evi_mean,evi_change_mean,summer_lst_mean,winter_lst_mean,lst_change_mean,summer_biomass_t_per_ha,winter_biomass_t_per_ha,biomass_change_t_per_ha,ndvi_s_out_s,ndvi_s_out_w,evi_out_s,evi_out_w,lst_out_s,lst_out_w,bio_out_s,bio_out_w
Andijan,2016,0.443893428696581,0.212318769858092,0.231574658838489,0.324077091565577,0.112101708889131,0.211975382676446,40.6547789058533,12.6966279985246,27.9581509073287,7.95948901339578,3.5061301895787,4.45335882381708,FALSE,FALSE,FALSE,FALSE,FALSE,FALSE,FALSE,FALSE
Andijan,2017,0.413465060989876,0.183262418515293,0.230202642474583,0.3026715935934,0.0871229681027226,0.2155486254906774,41.5951284888504,6.7734595506352004,34.8216689382152,7.37432809595916,2.94735420221718,4.42697389374198,FALSE,FALSE,FALSE,FALSE,FALSE,FALSE,FALSE,FALSE
Andijan,2018,0.371670757379478,0.157964201964533,0.21370655541494502,0.266456154307328,0.158599561672713,0.107856592634615,42.0136324569959,4.85162449226549,37.16200796473041,6.57059148806689,2.46085003777948,4.109741450287411,FALSE,FALSE,FALSE,FALSE,FALSE,FALSE,FALSE,FALSE
Andijan,2019,0.387868467361192,0.230605475379646,0.157262991981546,0.280798722262904,0.117863216770731,0.16293550549217298,40.2976585168927,8.39085835286878,31.906800164023924,6.88208591079215,3.85779760345474,3.02428830733741,FALSE,FALSE,FALSE,FALSE,FALSE,FALSE,FALSE,FALSE
Andijan,2020,0.44088719915979,0.122388883797452,0.318498315362338,0.314503354890007,-0.0861154985813419,0.40061885347134896,37.7732319182682,5.14885114081925,32.62438077744895,7.90167690691905,1.77670930379715,6.124967603121901,FALSE,FALSE,FALSE,FALSE,FALSE,FALSE,FALSE,FALSE
Andijan,2021,0.384566910874988,0.167070471871013,0.217496439003975,0.282193943514992,0.0951700860371383,0.18702385747785372,38.6370490754953,14.4305834171017,24.206465658393597,6.81859443990362,2.63597061290409,4.18262382699953,FALSE,FALSE,FALSE,FALSE,FALSE,FALSE,FALSE,FALSE
Andijan,2022,0.374225776850424,0.113503947691481,0.26072182915894304,0.271323006623339,0.0633969345441625,0.20792607207917652,43.3799983911903,1.98020024879855,41.399798142391745,6.61972647789276,1.60584514791311,5.01388132997965,FALSE,FALSE,FALSE,FALSE,FALSE,FALSE,FALSE,FALSE
Andijan,2023,0.375487711658977,0.19136705555271,0.184120656106267,0.271318251560867,0.0932032737050968,0.17811497785577018,42.1216273984709,10.6515771682375,31.470050230233397,6.64399445498033,3.10321260678289,3.5407818481974402,FALSE,FALSE,FALSE,FALSE,FALSE,FALSE,FALSE,FALSE
Andijan,2024,0.383782909545665,0.201724641964819,0.182058267580846,0.274169029603329,0.0985509278183659,0.17561810178496312,41.8090708461753,11.8124560313601,29.996614814815203,6.80351749126279,3.30239696086191,3.50112053040088,FALSE,FALSE,FALSE,FALSE,FALSE,FALSE,FALSE,FALSE
Bukhara,2016,0.386348652342864,0.086413251150779,0.29993540119208495,0.304534123028599,-0.0540626596322564,0.3585967826608554,40.8494664464118,15.3542652155243,25.495201230887503,6.85285869890123,1.08487021443806,5.76798848446317,FALSE,FALSE,FALSE,FALSE,FALSE,FALSE,FALSE,FALSE
Bukhara,2017,0.395672940434689,0.110916795291273,0.28475614514341596,0.314260483364239,0.085774795665268,0.228485687698971,41.3816104624381,11.4621044730633,29.919505989374798,7.03217193143633,1.55609221713987,5.47607971429646,FALSE,FALSE,FALSE,FALSE,FALSE,FALSE,FALSE,FALSE
Bukhara,2018,0.352680887411025,0.0973239227725273,0.25535696463849766,0.276490117041209,0.0588551272526225,0.21763498978858653,39.8246970534589,5.58815223876578,34.23654481469312,6.20540168098125,1.2946908225486,4.91071085843265,FALSE,FALSE,FALSE,FALSE,FALSE,FALSE,FALSE,FALSE
Bukhara,2019,0.374974377112647,0.133144598986838,0.24182977812580897,0.291519117414061,0.0701168233379489,0.22140229407611212,41.095396640837,10.3475895295527,30.747807111284303,6.63412263678168,1.98354998051611,4.65057265626557,FALSE,FALSE,FALSE,FALSE,FALSE,FALSE,FALSE,FALSE
Bukhara,2020,0.374585256120866,0.126830460547228,0.24775479557363803,0.290254796670614,0.0734446528321074,0.2168101438385066,43.5094119314331,9.50968995977933,33.99972197165377,6.62663954078589,1.86212424129284,4.76451529949305,FALSE,FALSE,FALSE,FALSE,FALSE,FALSE,FALSE,FALSE
Bukhara,2021,0.387999290301303,0.0923767082550742,0.29562258204622877,0.3078331045986,0.0591753267907695,0.24865777780783052,41.6297948171499,6.27583663530199,35.35395818184791,6.88460173656352,1.19955208182835,5.68504965473517,FALSE,FALSE,FALSE,FALSE,FALSE,FALSE,FALSE,FALSE
Bukhara,2022,0.391279907829408,0.128776652111544,0.26250325571786404,0.313403792149266,0.0740879516461846,0.2393158405030814,40.7817091386505,7.4014454738529,33.380263664797596,6.94769053518091,1.8995510021450699,5.04813953303584,FALSE,FALSE,FALSE,FALSE,FALSE,FALSE,FALSE,FALSE
Bukhara,2023,0.381277753052892,0.0915405137812847,0.2897372392716073,0.3005289815799,0.0719878170106416,0.22854116456925838,42.8671369358638,9.9769889706524,32.8901479652114,6.75534140486331,1.18347141887086,5.57186998599245,FALSE,FALSE,FALSE,FALSE,FALSE,FALSE,FALSE,FALSE
Bukhara,2024,0.393028613178108,0.13839245803003,0.254636155148078,0.308170156162319,0.0808489258685838,0.22732123029373522,41.0594906729344,8.90410349527194,32.15538717766246,6.98131948419439,2.08447034673135,4.8968491374630405,FALSE,FALSE,FALSE,FALSE,FALSE,FALSE,FALSE,FALSE
Fergana,2016,0.355644118712086,0.201685425586883,0.15395869312520302,0.260938061728833,0.124335200462601,0.136602861266232,43.9023967363924,21.1517653478392,22.7506313885532,6.26238689830934,3.30164279974776,2.96074409856158,FALSE,FALSE,FALSE,FALSE,FALSE,FALSE,FALSE,FALSE
Fergana,2017,0.363080828067281,0.18360570908864501,0.17947511897863597,0.272571521983324,0.0933954990693375,0.17917602291398652,43.0736552346263,9.03546583818683,34.03818939643947,6.4054005397554,2.95395594401241,3.4514445957429896,FALSE,FALSE,FALSE,FALSE,FALSE,FALSE,FALSE,FALSE
Fergana,2018,0.357072891132772,0.170653372505641,0.18641951862713102,0.264454813933397,0.0882551719066989,0.17619964202669808,42.0819559014776,8.29031700881336,33.79163889266424,6.28986329101485,2.70487254818541,3.58499074282944,FALSE,FALSE,FALSE,FALSE,FALSE,FALSE,FALSE,FALSE
Fergana,2019,0.351064954198264,0.157701035922638,0.193363918275626,0.256338105883471,0.0831148447440603,0.1732232611394107,41.090256568329,7.54516817943989,33.54508838888911,6.17432604227431,2.45578915235842,3.71853688991589,FALSE,FALSE,FALSE,FALSE,FALSE,FALSE,FALSE,FALSE
Fergana,2020,0.345057017263756,0.144748699339634,0.200308317924122,0.248221397833544,0.0779745175814217,0.1702468802521223,40.0985572351804,6.80001935006642,33.29853788511398,6.05878879353377,2.20670575653143,3.8520830370023402,FALSE,FALSE,FALSE,FALSE,FALSE,FALSE,FALSE,FALSE
Fergana,2021,0.344343576759571,0.129850013565875,0.214493563193696,0.254889541805745,0.0799781827358647,0.1749113590698803,41.4856651476233,6.80585725840032,34.67980788922298,6.0450687838379,1.92019256857451,4.12487621526339,FALSE,FALSE,FALSE,FALSE,FALSE,FALSE,FALSE,FALSE
Fergana,2022,0.343630136255385,0.114951327792115,0.22867880846327002,0.261557685777945,0.0819818478903076,0.17957583788763742,42.8727730600662,6.81169516673422,36.061077893331984,6.03134877414203,1.6336793806176,4.3976693935244295,FALSE,FALSE,FALSE,FALSE,FALSE,FALSE,FALSE,FALSE
Fergana,2023,0.348566585024639,0.181898910832971,0.166667674191668,0.265711839623211,0.0942027026000737,0.1715091370231373,43.2151980764886,8.0765294024463,35.1386686740423,6.12628048124305,2.92113290063405,3.205147580609,FALSE,FALSE,FALSE,FALSE,FALSE,FALSE,FALSE,FALSE
Fergana,2024,0.34312459700171,0.15482055881242,0.18830403818929,0.257591095597017,0.0913902858522748,0.1662008097447422,43.3689423991054,7.20727661994012,36.16166577916528,6.02162686541749,2.4003953617773,3.62123150364019,FALSE,FALSE,FALSE,FALSE,FALSE,FALSE,FALSE,FALSE
Gulistan,2016,0.410384621892587,0.197430500790496,0.212954121102091,0.299710340007897,0.117914818193449,0.18179552181444797,44.9783039054314,12.4554539484311,32.522849957000304,7.31508888254975,3.21981732289416,4.09527155965559,FALSE,FALSE,FALSE,FALSE,FALSE,FALSE,FALSE,FALSE
Gulistan,2017,0.407806605821776,0.170634515739996,0.23717209008178003,0.300564415513094,0.102348661125106,0.198215754387988,43.6479124329672,5.08406667615888,38.56384575680832,7.26551165041876,2.70450991807686,4.5610017323419,FALSE,FALSE,FALSE,FALSE,FALSE,FALSE,FALSE,FALSE
Gulistan,2018,0.405228589750964,0.143838530689497,0.26139005906146695,0.301418491018291,0.0867825040567634,0.21463598696152758,42.3175209605031,-2.28732059611337,44.60484155661647,7.21593441828777,2.18920251325955,5.026731905028219,FALSE,FALSE,FALSE,FALSE,FALSE,FALSE,FALSE,FALSE
Gulistan,2019,0.414886116850706,0.0822371797156527,0.3326489371350533,0.306863348175726,0.0714761235404533,0.23538722463527273,41.6269153690169,-2.82300314019528,44.44991850921218,7.4016560932828,1.09460125662978,6.30705483665302,FALSE,FALSE,FALSE,FALSE,FALSE,FALSE,FALSE,FALSE
Gulistan,2020,0.424543643950447,0.0206358287418087,0.40390781520863833,0.312308205333162,0.0561697430241432,0.2561384623090188,40.9363097775307,-3.35868568427718,44.294995461807886,7.58737776827783,0,7.58737776827783,FALSE,FALSE,FALSE,FALSE,FALSE,FALSE,FALSE,FALSE
Gulistan,2021,0.395373423284338,0.142805014428108,0.25256840885623,0.296648950412242,0.0814356401982476,0.21521331021399437,43.3813184436792,12.661175798928,30.7201426447512,7.02641198623726,2.16932720054054,4.8570847856967205,FALSE,FALSE,FALSE,FALSE,FALSE,FALSE,FALSE,FALSE
Gulistan,2022,0.415369464737724,0.158573592136536,0.256795872601188,0.303064807970477,0.0860921350055344,0.2169726729649426,42.4199279187607,9.96621502997238,32.45371288878832,7.41095124495624,2.47256907954877,4.93838216540747,FALSE,FALSE,FALSE,FALSE,FALSE,FALSE,FALSE,FALSE
Gulistan,2023,0.406536095383285,0.100152085340801,0.306384010042484,0.300552463878572,0.0272847229490124,0.2732677409295596,42.6350030235489,6.0833720915097,36.551630932039195,7.24107875737087,1.34907856424618,5.89200019312469,FALSE,FALSE,FALSE,FALSE,FALSE,FALSE,FALSE,FALSE
Gulistan,2024,0.408834401225856,0.0899462457681892,0.3188881554576668,0.302608301839213,0.0395053936891188,0.2631029081500942,41.7872317471581,6.57845245477102,35.208779292387085,7.28527694665107,1.18282578803627,6.1024511586148,FALSE,FALSE,FALSE,FALSE,FALSE,FALSE,FALSE,FALSE
Jizzakh,2016,0.300280531762547,0.272970824935891,0.02730970682665601,0.233893230140472,0.173772156785557,0.06012107335491501,44.0553460152908,14.0474061363891,30.007939878901702,5.19770253389514,4.67251586415175,0.5251866697433902,FALSE,FALSE,FALSE,FALSE,FALSE,FALSE,FALSE,FALSE
Jizzakh,2017,0.297215225858192,0.19900871461131,0.09820651124688198,0.232107415558125,0.110719204880944,0.121388210677181,44.9377739537012,1.07663273647386,43.86114121722734,5.13875434342678,3.25016758867904,1.88858675474774,FALSE,FALSE,FALSE,FALSE,FALSE,FALSE,FALSE,FALSE
Jizzakh,2018,0.28212864881287403,0.15457625176676,0.12755239704611404,0.218919462737011,0.0952127907179927,0.12370667201901829,44.8104906643016,3.98050652506188,40.82998413923972,4.84862786178604,2.39569714936076,2.4529307124252804,FALSE,FALSE,FALSE,FALSE,FALSE,FALSE,FALSE,FALSE
Jizzakh,2019,0.273278199892879,0.281383821181268,-0.008105621288388987,0.220520925441452,0.167655947161765,0.052864978279687,45.3203668756158,9.76467274087502,35.555694134740776,4.67842692101691,4.83430425348593,-0.15587733246902058,FALSE,FALSE,FALSE,FALSE,FALSE,FALSE,FALSE,FALSE
Jizzakh,2020,0.297020435879419,0.205207738869735,0.091812697009684,0.232636094087336,0.109307145598591,0.12332894848874498,44.1095221174562,14.3578455822729,29.7516765351833,5.13500838229652,3.36937959364876,1.76562878864776,FALSE,FALSE,FALSE,FALSE,FALSE,FALSE,FALSE,FALSE
Jizzakh,2021,0.269458813519075,0.127712814209541,0.14174599930953402,0.212331095076454,0.0840348265420583,0.1282962685343957,47.5826950537637,8.21788911786719,39.36480593589651,4.60497718305913,1.87909258095271,2.7258846021064205,FALSE,FALSE,FALSE,FALSE,FALSE,FALSE,FALSE,FALSE
Jizzakh,2022,0.291407294335169,0.182459948109082,0.10894734622608698,0.224330122930726,0.0974769833298877,0.12685313960083827,44.1314007534794,7.83498957540459,36.296411178074806,5.02706335259941,2.93192207902081,2.0951412735786,FALSE,FALSE,FALSE,FALSE,FALSE,FALSE,FALSE,FALSE
Jizzakh,2023,0.281401694184261,-0.0242367663981882,0.3056384605824492,0.218314078446613,-0.163638126453843,0.381952204900456,45.6438997378764,2.98094336973849,42.66295636813791,4.83464796508194,0,4.83464796508194,FALSE,FALSE,FALSE,FALSE,FALSE,FALSE,FALSE,FALSE
Jizzakh,2024,0.277124277464945,0.0506016666160605,0.2265226108488845,0.215796349873892,-0.0506805509575869,0.2664769008314789,45.8343178857509,6.37003208629039,39.46428579946051,4.75238995124894,0.917693265676121,3.834696685572819,FALSE,FALSE,FALSE,FALSE,FALSE,FALSE,FALSE,FALSE
Namangan,2016,0.419595479616298,0.193931807897768,0.22566367171853,0.311999759491851,0.109091832913823,0.20290792657802798,41.1039015098247,11.4265163659114,29.677385143913302,7.49222076185189,3.15253476726477,4.33968599458712,FALSE,FALSE,FALSE,FALSE,FALSE,FALSE,FALSE,FALSE
Namangan,2017,0.393663998726024,0.157291075182455,0.23637292354356898,0.297212812509646,0.0821863259977909,0.21502648651185508,42.1519346308981,5.03042473310328,37.121509897794816,6.99353843703892,2.44790529197028,4.54563314506864,FALSE,FALSE,FALSE,FALSE,FALSE,FALSE,FALSE,FALSE
Namangan,2018,0.349702200580856,0.100466312420556,0.2492358881603,0.257611627320888,0.0681291468918037,0.18948248042908428,41.6494605093018,1.64841003277881,40.001050476522984,6.14811924193953,1.355121392703,4.79299784923653,FALSE,FALSE,FALSE,FALSE,FALSE,FALSE,FALSE,FALSE
Namangan,2019,0.369523860198587,0.137718830812097,0.23180502938649003,0.277714737664013,0.0856849464967372,0.1920297911672758,40.6096157063132,-2.90764854107595,43.51726424738915,6.52930500381897,2.07151597715571,4.45778902666326,FALSE,FALSE,FALSE,FALSE,FALSE,FALSE,FALSE,FALSE
Namangan,2020,0.430659588992376,0.166590193996255,0.26406939499612103,0.31799564446814,0.0833750802566796,0.23462056421146038,36.1258541551978,7.87789194761045,28.24796220758735,7.70499209600724,2.62673449992799,5.078257596079251,FALSE,FALSE,FALSE,FALSE,FALSE,FALSE,FALSE,FALSE
Namangan,2021,0.370887688766796,0.123412227979587,0.247475460787209,0.280787467553406,0.0660005598627019,0.2147869076907041,40.7397359847848,7.53230199861987,33.20743398616493,6.55553247628454,1.79638899960745,4.759143476677091,FALSE,FALSE,FALSE,FALSE,FALSE,FALSE,FALSE,FALSE
Namangan,2022,0.371801463323529,0.136348978835081,0.235452484488448,0.28211040125776,0.0823314578122616,0.1997789434454984,42.4669628516416,6.25311764114495,36.21384521049664,6.57310506391401,2.0451726699054,4.5279323940086105,FALSE,FALSE,FALSE,FALSE,FALSE,FALSE,FALSE,FALSE
Namangan,2023,0.360221947119102,0.167924350322161,0.192297596796941,0.268449840967746,0.0870997494263842,0.18135009154136178,42.940495807669,10.1068127562781,32.833683051390906,6.35042205998273,2.65239135234924,3.6980307076334897,FALSE,FALSE,FALSE,FALSE,FALSE,FALSE,FALSE,FALSE
Namangan,2024,0.375473575165805,0.175675294805196,0.19979828036060898,0.281663683966733,0.0963399308520487,0.18532375311468433,41.8447381488772,11.8576788034185,29.987059345458697,6.64372259934241,2.80144797702299,3.8422746223194197,FALSE,FALSE,FALSE,FALSE,FALSE,FALSE,FALSE,FALSE
Navoiy,2016,0.246277505621762,0.162985887493036,0.08329161812872601,0.190717726951111,0.103418753585231,0.08729897336588,47.550685255387,13.4727126606728,34.077972594714204,4.15918280041851,2.55742091332761,1.6017618870908996,FALSE,FALSE,FALSE,FALSE,FALSE,FALSE,FALSE,FALSE
Navoiy,2017,0.282741059362701,0.1321005416893,0.150640517673401,0.224016016074835,0.0727949478342946,0.1512210682405404,45.6513775697858,12.0734157570074,33.5779618127784,4.86040498774425,1.96347195556347,2.8969330321807796,FALSE,FALSE,FALSE,FALSE,FALSE,FALSE,FALSE,FALSE
Navoiy,2018,0.233880964430777,0.111279834690745,0.122601129740032,0.182936259318458,0.0736756364931004,0.1092606228253576,48.8806567420157,11.8742377404995,37.0064190015162,3.92078777751494,1.56307374405279,2.35771403346215,FALSE,FALSE,FALSE,FALSE,FALSE,FALSE,FALSE,FALSE
Navoiy,2019,0.259352764667384,0.146861144582204,0.11249162008517999,0.199795427111014,0.0659222359136444,0.1338731911973696,46.1858428962715,9.44826375794259,36.73757913832891,4.41063008975738,2.24732970350392,2.1633003862534594,FALSE,FALSE,FALSE,FALSE,FALSE,FALSE,FALSE,FALSE
Navoiy,2020,0.265681975033686,0.168014111516834,0.097667863516852,0.206639457662221,0.0889470797407507,0.1176923779214703,48.4817076130311,6.3194197097008,42.162287903330295,4.53234567372474,2.65411752916988,1.87822814455486,FALSE,FALSE,FALSE,FALSE,FALSE,FALSE,FALSE,FALSE
Navoiy,2021,0.263444810387556,0.107769146499797,0.155675663887759,0.20879853609088,0.068489462957436,0.14030907313344398,46.8099560613437,12.3508031098697,34.459152951473996,4.48932327668377,1.49556050961149,2.9937627670722797,FALSE,FALSE,FALSE,FALSE,FALSE,FALSE,FALSE,FALSE
Navoiy,2022,0.264568988574274,0.131152467229764,0.13341652134451001,0.209736301613762,NA,NA,46.7475428455722,8.57229924996963,38.175243595602566,4.5109420879668,1.94523975441855,2.5657023335482503,FALSE,FALSE,FALSE,TRUE,FALSE,FALSE,FALSE,FALSE
Navoiy,2023,0.249426656401436,0.0470979010957165,0.20232875530571948,0.195155394054507,3.5161645069919e-4,0.1948037776038078,48.9825197707406,-5.91753270634975,54.900052477090355,4.21974339233532,0.32880579030224,3.89093760203308,FALSE,FALSE,FALSE,FALSE,FALSE,FALSE,FALSE,FALSE
Navoiy,2024,0.278187253841979,0.147779985608822,0.13040726823315701,0.217169486736684,0.096772735961473,0.12039675077521099,46.9754230510881,15.564015485627,31.4114075654611,4.77283180465344,2.26499972324658,2.50783208140686,FALSE,FALSE,FALSE,FALSE,FALSE,FALSE,FALSE,FALSE
Nukus,2016,0.25937568222203,0.108741829190245,0.150633853031785,0.185931801888681,0.0754351175212034,0.1104966843674776,47.6922413391233,12.9478560432938,34.7443852958295,4.41107081196211,1.51426594596624,2.8968048659958696,FALSE,FALSE,FALSE,FALSE,FALSE,FALSE,FALSE,FALSE
Nukus,2017,0.253206498487994,0.108690210626617,0.144516287861377,0.183749072340965,0.0720624312506463,0.11168664109031869,46.3161791112052,9.72767831357667,36.588500797628534,4.29243266323065,1.5132732812811,2.7791593819495497,FALSE,FALSE,FALSE,FALSE,FALSE,FALSE,FALSE,FALSE
Nukus,2018,0.24311944021454,0.1091689927669,0.13395044744764,0.180632493734366,0.0718330349629262,0.10879945877143979,48.17723939827,-1.62084325705171,49.79808265532171,4.09845077335653,1.5224806301327,2.5759701432238296,FALSE,FALSE,FALSE,FALSE,FALSE,FALSE,FALSE,FALSE
Nukus,2019,0.245465032950072,0.119179270720706,0.126285762229366,0.180081170336968,0.0808192779580728,0.0992618923788952,46.1082964275245,13.2413375424335,32.866958885091,4.14355832596292,1.71498597539819,2.42857235056473,FALSE,FALSE,FALSE,FALSE,FALSE,FALSE,FALSE,FALSE
Nukus,2020,0.250278386442821,0.122218196522135,0.12806018992068602,0.182024238366097,0.0846523134599862,0.0973719249061108,48.5592075392578,9.69748159451957,38.861725944738225,4.2361228162081,1.7734268561949,2.4626959600132,FALSE,FALSE,FALSE,FALSE,FALSE,FALSE,FALSE,FALSE
Nukus,2021,0.24900882973499,0.125141269160169,0.12386756057482101,0.185253240314893,0.0852180376469871,0.10003520266790589,48.7374621055765,8.56384294623548,40.173619159341015,4.21170826413443,1.8296397915417,2.3820684725927297,FALSE,FALSE,FALSE,FALSE,FALSE,FALSE,FALSE,FALSE
Nukus,2022,0.260072129659397,0.117016085488192,0.14305604417120502,0.192142785621004,0.0796953822140631,0.11244740340694091,49.1479105749294,7.09278007852074,42.05513049640866,4.42446403191149,1.6733862593883,2.75107777252319,FALSE,FALSE,FALSE,FALSE,FALSE,FALSE,FALSE,FALSE
Nukus,2023,0.224056517282217,0.119560072203399,0.10449644507881801,0.167383225387486,0.0825506437975495,0.0848325815899365,50.0659477544851,1.11757139694315,48.94837635754195,3.7318561015811,1.72230908083461,2.0095470207464903,FALSE,FALSE,FALSE,FALSE,FALSE,FALSE,FALSE,FALSE
Nukus,2024,0.249771208309798,0.115659346516416,0.13411186179338197,0.187224489994185,0.0793107628212765,0.10791372717290851,47.4600733635086,2.21380341486764,45.24626994864096,4.22636939057303,1.6472951253157,2.57907426525733,FALSE,FALSE,FALSE,FALSE,FALSE,FALSE,FALSE,FALSE
Nurafshon,2016,0.416999671371255,0.270475484798508,0.14652418657274696,0.303359875810646,0.157827091908497,0.145532783902149,41.329803004635,14.4809133219013,26.8488896827337,7.44230137252414,4.62452855381746,2.81777281870668,FALSE,FALSE,FALSE,FALSE,FALSE,FALSE,FALSE,FALSE
Nurafshon,2017,0.381655551949846,0.0187706564783806,0.3628848954714654,0.283443112048679,0.0788753143519198,0.2045677976967592,40.2921935178057,-1.71165055365355,42.00384407145925,6.76260676826626,0,6.76260676826626,FALSE,FALSE,FALSE,FALSE,FALSE,FALSE,FALSE,FALSE
Nurafshon,2018,0.385037609553864,0.133391527469741,0.251646082084123,0.282918499261017,0.0834346934904502,0.1994838057705668,40.2481178535392,0.4710034858398,39.7771143676994,6.82764633757431,1.98829860518733,4.8393477323869805,FALSE,FALSE,FALSE,FALSE,FALSE,FALSE,FALSE,FALSE
Nurafshon,2019,0.390058414221475,0.234227436647643,0.15583097757383202,0.287005346412853,0.120092920780037,0.16691242563281602,39.3472269953308,9.04715154772792,30.30007544760288,6.92420027348991,3.92745070476236,2.99674956872755,FALSE,FALSE,FALSE,FALSE,FALSE,FALSE,FALSE,FALSE
Nurafshon,2020,0.406553670046817,0.167697519907593,0.23885615013922398,0.307410754379194,0.0860129083360365,0.22139784604315751,39.0435411127264,1.92022377770983,37.12331733501657,7.24141673166956,2.64802922899218,4.59338750267738,FALSE,FALSE,FALSE,FALSE,FALSE,FALSE,FALSE,FALSE
Nurafshon,2021,0.362811401818586,0.164329304688683,0.198482097129903,0.267730458117547,0.0844225744530842,0.18330788366446277,41.5028849101404,12.321411084352,29.1814738257884,6.40021926574204,2.58325585939776,3.81696340634428,FALSE,FALSE,FALSE,FALSE,FALSE,FALSE,FALSE,FALSE
Nurafshon,2022,0.38309053419092,0.217440486823119,0.16565004736780098,0.283075241525555,0.111589546390994,0.17148569513456102,40.7629063430255,11.2012448507358,29.5616614922897,6.79020258059462,3.60462474659844,3.1855778339961804,FALSE,FALSE,FALSE,FALSE,FALSE,FALSE,FALSE,FALSE
Nurafshon,2023,0.374570395249122,0.020713623191764,0.353856772057358,0.274429758013636,0.0472549716758954,0.2271747863377406,39.5449258996954,5.42832064207548,34.11660525761992,6.62635375479081,0,6.62635375479081,FALSE,FALSE,FALSE,FALSE,FALSE,FALSE,FALSE,FALSE
Nurafshon,2024,0.395446217742257,0.0551835311435184,0.3402626865987386,0.287745316796257,0.00206451749169376,0.2856807993045632,40.7746697339557,1.48260250259594,39.29206723135976,7.0278118796588,0.484298675836892,6.543513203821908,FALSE,FALSE,FALSE,FALSE,FALSE,FALSE,FALSE,FALSE
Qarshi,2016,0.299793848179825,0.202168615665936,0.09762523251388902,0.238024912311251,0.123713688961663,0.114311223349588,45.0046466323504,11.7908618227672,33.2137848095832,5.18834323422739,3.31093491665261,1.8774083175747802,FALSE,FALSE,FALSE,FALSE,FALSE,FALSE,FALSE,FALSE
Qarshi,2017,0.316140352694281,0.189539377003577,0.12660097569070397,0.25202486256216,0.053677467062233,0.198347395499927,44.3618165733544,13.5164321745552,30.845384398799204,5.50269909027464,3.06806494237648,2.43463414789816,FALSE,FALSE,FALSE,FALSE,FALSE,FALSE,FALSE,FALSE
Qarshi,2018,0.278208088220376,0.140191539090731,0.138016549129645,0.219592973284975,0.0962317620833311,0.12336121120164391,45.0526987820232,12.9051372383175,32.1475615437057,4.77323246577647,2.11906805943714,2.65416440633933,FALSE,FALSE,FALSE,FALSE,FALSE,FALSE,FALSE,FALSE
Qarshi,2019,0.317586277232954,0.280313971053504,0.03727230617945004,0.248921657808397,0.171144410975837,0.07777724683256002,45.269185178438,12.1278325886818,33.1413525897562,5.53050533140295,4.81373021256738,0.71677511883557,FALSE,FALSE,FALSE,FALSE,FALSE,FALSE,FALSE,FALSE
Qarshi,2020,0.322699596542586,0.206273392369127,0.116426204173459,0.253487261449036,0.118228118578748,0.135259142870288,44.6569948181113,8.90159331528177,35.75540150282953,5.62883839504973,3.38987293017553,2.2389654648742,FALSE,FALSE,FALSE,FALSE,FALSE,FALSE,FALSE,FALSE
Qarshi,2021,0.29345894836012,0.156759493762134,0.136699454597986,0.230874881999243,0.0943872254716558,0.1364876565275872,46.5710416502847,13.1739957323853,33.3970459178994,5.06651823769461,2.43768257234874,2.62883566534587,FALSE,FALSE,FALSE,FALSE,FALSE,FALSE,FALSE,FALSE
Qarshi,2022,0.305404052762883,0.181286242861898,0.124117809900985,0.241278680259332,0.101036654370744,0.140242025888588,46.0047334127912,8.87771056701594,37.12702284577526,5.2962317839016,2.90935082426726,2.38688095963434,FALSE,FALSE,FALSE,FALSE,FALSE,FALSE,FALSE,FALSE
Qarshi,2023,0.29096444168103,-0.00637054171363448,0.29733498339466446,0.230087064119367,-0.177176416923767,0.40726348104313403,45.5195120022754,-0.328546148910914,45.848058151186315,5.01854695540443,0,5.01854695540443,FALSE,FALSE,FALSE,FALSE,FALSE,FALSE,FALSE,FALSE
Qarshi,2024,0.323248872995337,0.162700639716762,0.160548233278575,0.251870745072927,0.110495033341196,0.14137571173173102,44.7645461035828,14.0366559229864,30.727890180596404,5.63940140375648,2.55193537916849,3.0874660245879904,FALSE,FALSE,FALSE,FALSE,FALSE,FALSE,FALSE,FALSE
Samarkand,2016,0.359100343451949,0.0225686924107243,0.33653165104122473,0.268007362178841,0.0175864906747816,0.25042087150405945,38.9124003137437,1.54478894110545,37.36761137263825,6.32885275869133,0,6.32885275869133,FALSE,FALSE,FALSE,FALSE,FALSE,FALSE,FALSE,FALSE
Samarkand,2017,0.347223956536151,0.156009907135,0.19121404940115103,0.264607479396497,0.0895091321649964,0.17509834723150058,40.8852406194469,3.97532743229657,36.90991318715032,6.10046070261828,2.42326744490385,3.67719325771443,FALSE,FALSE,FALSE,FALSE,FALSE,FALSE,FALSE,FALSE
Samarkand,2018,0.324098169835376,0.147037197746364,0.17706097208901198,0.244699964535025,0.0857202737608003,0.1589796907742247,40.5732267665208,6.40586592348768,34.167360843033116,5.65573403529569,2.25071534127622,3.4050186940194695,FALSE,FALSE,FALSE,FALSE,FALSE,FALSE,FALSE,FALSE
Samarkand,2019,0.34762363446627,0.240207915873744,0.107415718592526,0.262434370649615,0.125473776282723,0.136960594366892,43.475202213212,6.6700431075812,36.8051591056308,6.10814681665904,4.04245992064891,2.0656868960101296,FALSE,FALSE,FALSE,FALSE,FALSE,FALSE,FALSE,FALSE
Samarkand,2020,0.356587429484525,0.210038022084099,0.146549407400426,0.27007810574521,0.118971854094162,0.15110625165104802,40.8446966579945,18.4190283076406,22.4256683503539,6.28052749008703,3.46226965546345,2.81825783462358,FALSE,FALSE,FALSE,FALSE,FALSE,FALSE,FALSE,FALSE
Samarkand,2021,0.329635156820721,0.122816366353397,0.206818790467324,0.247553376413114,0.0715456725401705,0.1760077038729435,44.6263804995956,6.90402715604763,37.722353343547965,5.76221455424463,1.78493012218071,3.97728443206392,FALSE,FALSE,FALSE,FALSE,FALSE,FALSE,FALSE,FALSE
Samarkand,2022,0.346746563988178,0.182957991960666,0.16378857202751199,0.261733961007336,0.0878275496165121,0.17390641139082388,40.3489266519577,5.7071296561487,34.641796995808996,6.09128007669572,2.94149984539743,3.14978023129829,FALSE,FALSE,FALSE,FALSE,FALSE,FALSE,FALSE,FALSE
Samarkand,2023,0.329828419330943,0.0132987467923771,0.3165296725385659,0.248486163585015,-0.144271833647754,0.392757997232769,42.231759523903,-1.02143441680028,43.253193940703284,5.76593114097967,0,5.76593114097967,FALSE,FALSE,FALSE,FALSE,FALSE,FALSE,FALSE,FALSE
Samarkand,2024,0.34454011775489,0.107201267734845,0.237338850020045,0.259348263108449,NA,NA,41.5530447671344,7.13816340315578,34.41488136397862,6.04884841836327,1.48463976413164,4.56420865423163,FALSE,FALSE,FALSE,TRUE,FALSE,FALSE,FALSE,FALSE
Tashkent,2016,0.35565386078491,0.245610722545832,0.11004313823907802,0.261774457232056,0.138610008054456,0.1231644491776,43.2630897112734,11.0961328062899,32.1669569049835,6.26257424586365,4.14636004895831,2.1162141969053403,FALSE,FALSE,FALSE,FALSE,FALSE,FALSE,FALSE,FALSE
Tashkent,2017,0.347954074051834,0.206194598313658,0.141759475738176,0.260155254598121,0.0969949055691286,0.1631603490289924,40.9326360494581,0.497022249999507,40.43561379945859,6.11450142407373,3.38835765987803,2.7261437641956996,FALSE,FALSE,FALSE,FALSE,FALSE,FALSE,FALSE,FALSE
Tashkent,2018,0.328239471780327,0.147903312510625,0.18033615926970198,0.24474759162467,0.0878731909477788,0.15687440067689118,42.726229601415596,3.9179091936782098,38.808320407737384,5.73537445731398,2.26737139443509,3.4680030628788896,FALSE,FALSE,FALSE,FALSE,FALSE,FALSE,FALSE,FALSE
Tashkent,2019,0.331030460007788,0.226415442706476,0.10461501730131201,0.245678022041029,0.114625309225979,0.13105271281505002,41.277808977036,7.1727672188323,34.105041758203704,5.78904730784208,3.77722005204762,2.01182725579446,FALSE,FALSE,FALSE,FALSE,FALSE,FALSE,FALSE,FALSE
Tashkent,2020,0.335442740831785,0.192710290573704,0.14273245025808098,0.246386011598451,0.0918490836467696,0.1545369279516814,41.4086237399169,2.17878690379005,39.22983683612685,5.87389886214971,3.12904404949431,2.7448548126554004,FALSE,FALSE,FALSE,FALSE,FALSE,FALSE,FALSE,FALSE
Tashkent,2021,0.306570374464974,0.153946333844688,0.15262404062028598,0.229969280682439,0.0861251771255261,0.1438441035569129,42.816185023043,11.1425947999009,31.6735902231421,5.31866104740334,2.38358334316707,2.9350777042362695,FALSE,FALSE,FALSE,FALSE,FALSE,FALSE,FALSE,FALSE
Tashkent,2022,0.31663350061584,0.194390640104153,0.12224286051168701,0.233685912075097,0.105510478513969,0.128175433561128,42.6372366578495,11.894676796471,30.7425598613785,5.51218270415077,3.16135846354141,2.35082424060936,FALSE,FALSE,FALSE,FALSE,FALSE,FALSE,FALSE,FALSE
Tashkent,2023,0.312007494072936,0.0780691519130023,0.2339383421599337,0.230909534952055,0.0874239973835859,0.1434855375684691,42.427198482205696,6.73983739759867,35.687361084607026,5.42322103986415,0.924406767557737,4.498814272306413,FALSE,FALSE,FALSE,FALSE,FALSE,FALSE,FALSE,FALSE
Tashkent,2024,0.326384377320815,0.203357402087282,0.12302697523353298,0.238848658239365,0.107059681255864,0.131788976983501,43.8575681127425,4.08260267672002,39.77496543602248,5.69969956386183,3.33379619398618,2.36590336987565,FALSE,FALSE,FALSE,FALSE,FALSE,FALSE,FALSE,FALSE
Termez,2016,0.270790351584797,0.136859650481835,0.13393070110296199,0.203379317576516,0.0933190237568992,0.11006029381961681,43.4243537091059,14.7146568906838,28.709696818422103,4.63058368432301,2.05499327849683,2.5755904058261803,FALSE,FALSE,FALSE,FALSE,FALSE,FALSE,FALSE,FALSE
Termez,2017,0.270993497518726,0.141129707370968,0.12986379014775798,0.203386143837903,0.0839100462122063,0.11947609762569669,42.3396652443866,11.3254990061574,31.0141662382292,4.63449033689858,2.13710975713399,2.49738057976459,FALSE,FALSE,FALSE,FALSE,FALSE,FALSE,FALSE,FALSE
Termez,2018,0.239801748303143,0.106397306456557,0.133404441846586,0.182924840218961,0.0728899915945174,0.1100348486244436,42.2198562477065,12.3321343915252,29.8877218561813,4.03464900582967,1.46917897031841,2.56547003551126,FALSE,FALSE,FALSE,FALSE,FALSE,FALSE,FALSE,FALSE
Termez,2019,0.260515403791967,0.142102680781137,0.11841272301083003,0.19251567508984,0.0901894248031827,0.10232625028665729,44.4044658189581,15.3003965022565,29.1040693167016,4.4329885344609,2.15582078425263,2.2771677502082706,FALSE,FALSE,FALSE,FALSE,FALSE,FALSE,FALSE,FALSE
Termez,2020,0.268914601840041,0.134356223559989,0.13455837828005202,0.203260823582973,0.083872303467129,0.11938852011584401,44.5030579199693,10.1490478939455,34.3540100260238,4.59451157384695,2.00685045307671,2.5876611207702402,FALSE,FALSE,FALSE,FALSE,FALSE,FALSE,FALSE,FALSE
Termez,2021,0.24489477891573,0.10913765616812,0.13575712274760998,0.186822594060131,0.0725965060442976,0.1142260880158334,45.2586342922562,16.3882823035794,28.8703519886768,4.13259190222557,1.52187800323307,2.6107138989925005,FALSE,FALSE,FALSE,FALSE,FALSE,FALSE,FALSE,FALSE
Termez,2022,0.240560881884085,0.131320490237024,0.10924039164706101,0.182420499104517,0.0854173778217558,0.09700312128276119,43.3721877215805,15.6074542859723,27.7647334356082,4.04924772854009,1.94847096609662,2.10077676244347,FALSE,FALSE,FALSE,FALSE,FALSE,FALSE,FALSE,FALSE
Termez,2023,0.221628610982861,0.0780540084167764,0.1435746025660846,0.169434082312518,0.0651880662494324,0.1042460160630856,39.9886342743509,8.16554291268031,31.823091361670592,3.68516559582425,0.92411554647647,2.76105004934778,FALSE,FALSE,FALSE,FALSE,FALSE,FALSE,FALSE,FALSE
Termez,2024,0.262290124722021,0.139909328960621,0.12238079576140001,0.19912196204668,0.0954582441681243,0.1036637178785557,43.900611719985,13.2768960158034,30.6237157041816,4.46711778311578,2.11364094155041,2.3534768415653704,FALSE,FALSE,FALSE,FALSE,FALSE,FALSE,FALSE,FALSE
Urgench,2016,0.44497143910295,0.1390382962687,0.30593314283425,0.319187590479715,0.0841273919578761,0.2350601985218389,40.8618004424479,7.47436855622461,33.38743188622329,7.98021998274904,2.09689031285962,5.88332966988942,FALSE,FALSE,FALSE,FALSE,FALSE,FALSE,FALSE,FALSE
Urgench,2017,0.448622487734142,0.123357658662776,0.325264829071366,0.326571087826644,0.0741315536117608,0.2524395342148832,38.9162633929094,5.11012921056848,33.80613418234092,8.05043245642581,1.79533958966877,6.25509286675704,FALSE,FALSE,FALSE,FALSE,FALSE,FALSE,FALSE,FALSE
Urgench,2018,0.386042171206898,0.118281900058546,0.267760271148352,0.282665541315032,0.0799543579816481,0.20271118333338392,42.8866066950972,-1.59481977673251,44.48142647182971,6.84696483090188,1.69772884727974,5.149235983622139,FALSE,FALSE,FALSE,FALSE,FALSE,FALSE,FALSE,FALSE
Urgench,2019,0.472911224799481,0.129469896439524,0.343441328359957,0.345184804253511,0.07548724856308,0.26969755569043097,38.1921452296155,11.6911007419281,26.5010444876874,8.51752355383618,1.91288262383701,6.604640929999169,FALSE,FALSE,FALSE,FALSE,FALSE,FALSE,FALSE,FALSE
Urgench,2020,0.405825533374344,0.132304492982854,0.27352104039149006,0.286819824769428,0.0791451534910198,0.20767467127840822,41.8777939226011,8.91961917015347,32.95817475244763,7.22741410335278,1.96739409582412,5.26002000752866,FALSE,FALSE,FALSE,FALSE,FALSE,FALSE,FALSE,FALSE
Urgench,2021,0.470637091999351,0.122319462208605,0.348317629790746,0.351418711733947,0.0802457728226206,0.27117293891132643,40.4573041619382,-0.179712805772943,40.63701696771114,8.47379023075674,1.7753742732424,6.698415957514339,FALSE,FALSE,FALSE,FALSE,FALSE,FALSE,FALSE,FALSE
Urgench,2022,0.452266025505228,0.0699479842915311,0.3823180412136969,0.334065593299336,0.0417566581508601,0.2923089351484759,39.6797821688223,8.14779202592204,31.53199014290026,8.12050049048516,0.768230467144829,7.352270023340331,FALSE,FALSE,FALSE,FALSE,FALSE,FALSE,FALSE,FALSE
Urgench,2023,0.463221705828818,0.130058776213074,0.333162929615744,0.341573543617004,0.0857588906217756,0.2558146529952284,39.6664710128359,4.85458472845253,34.81188628438337,8.33118665055419,1.92420723486681,6.406979415687381,FALSE,FALSE,FALSE,FALSE,FALSE,FALSE,FALSE,FALSE
Urgench,2024,0.490523173715654,0.149001920100262,0.341521253615392,0.360288851978467,0.0925962940210314,0.26769255795743563,38.0764431818132,13.4852807301323,24.591162451680894,8.85621487914718,2.28849846346657,6.567716415680609,FALSE,FALSE,FALSE,FALSE,FALSE,FALSE,FALSE,FALSE
