"city","year","day_urban_mean","day_rural_mean","suhi_day","day_urban_stddev","day_urban_count","day_urban_stderr","day_urban_ci95_lo","day_urban_ci95_hi","day_rural_stddev","day_rural_count","day_rural_stderr","day_rural_ci95_lo","day_rural_ci95_hi","night_urban_mean","night_rural_mean","suhi_night","night_urban_stddev","night_urban_count","night_urban_stderr","night_urban_ci95_lo","night_urban_ci95_hi","night_rural_stddev","night_rural_count","night_rural_stderr","night_rural_ci95_lo","night_rural_ci95_hi","suhi_day_night_diff","day_stronger_than_night","summary_json"
"Andijan",2016,38.3884688256157,37.0836720320913,1.3047967935244,3.16562055680169,591,0.130216229840149,38.133245015129,38.6436926361023,3.2914793692593,5033,0.0463956936480528,36.9927364725411,37.1746075916414,22.100848685737,21.0829669133465,1.01788177239051,1.00597816348797,591,0.0413804122763431,22.0197430776754,22.1819542937987,0.900250900345701,5033,0.0126896633072994,21.0580951732642,21.1078386534288,0.286915021133893,TRUE,"D:\dev\Uzbekistan_URBAN_research\suhi_analysis_output\suhi\Andijan\Andijan_suhi_2016.json"
"Andijan",2017,37.9843517517983,36.3912509926933,1.59310075910501,3.13549494357805,591,0.128977027697878,37.7315567775104,38.2371467260861,2.88134582875436,5033,0.0406145758085262,36.3116464241085,36.470855561278,22.3148246875933,21.1168382493613,1.19798643823195,0.952897753109136,591,0.0391969759503915,22.2379986147305,22.391650760456,0.910386681327888,5033,0.0128325341980379,21.0916864823332,21.1419900163895,0.395114320873059,TRUE,"D:\dev\Uzbekistan_URBAN_research\suhi_analysis_output\suhi\Andijan\Andijan_suhi_2017.json"
"Andijan",2018,38.3611596009149,37.0937116851619,1.26744791575302,2.98854272911709,591,0.122932221319346,38.120212447129,38.6021067547008,3.27901801230034,5033,0.0462200421445658,37.0031204025585,37.1843029677652,21.8037196459943,20.803439048826,1.00028059716821,0.874321745112482,591,0.0359647908752632,21.7332286558787,21.8742106361098,0.829444224181032,5033,0.0116915939023218,20.7805235247775,20.8263545728746,0.267167318584811,TRUE,"D:\dev\Uzbekistan_URBAN_research\suhi_analysis_output\suhi\Andijan\Andijan_suhi_2018.json"
"Andijan",2019,38.4284434353144,37.2653386636182,1.16310477169625,3.64544362457302,591,0.149953513495724,38.1345345488628,38.7223523217661,3.63215403603359,5033,0.0511977402964173,37.1649910926372,37.3656862345992,22.376144983261,21.3117214883254,1.06442349493556,1.03071822845994,591,0.0423980825652627,22.2930447414331,22.4592452250889,0.826657283016719,5033,0.0116523100259949,21.2888829606745,21.3345600159764,0.0986812767606899,TRUE,"D:\dev\Uzbekistan_URBAN_research\suhi_analysis_output\suhi\Andijan\Andijan_suhi_2019.json"
"Andijan",2020,38.4917425834467,37.307644031307,1.18409855213966,3.36261601319095,591,0.138319540128406,38.220636284795,38.7628488820983,3.49121817613093,5033,0.0492111512139706,37.2111901749276,37.4040978876864,20.5802500580066,19.6472161638973,0.933033894109265,1.07462545646387,591,0.0442041845888038,20.4936098562125,20.6668902598006,0.886161381200731,5033,0.0124910617240711,19.6227336829181,19.6716986448765,0.251064658030394,TRUE,"D:\dev\Uzbekistan_URBAN_research\suhi_analysis_output\suhi\Andijan\Andijan_suhi_2020.json"
"Andijan",2021,38.1786021412709,36.7931655613315,1.38543657993935,3.44101392130864,591,0.141544399153441,37.9011751189301,38.4560291636116,4.00843709964699,5033,0.0565017120932348,36.6824222056288,36.9039089170343,21.5878076833836,20.5578232666228,1.02998441676084,0.935801067834914,591,0.0384937122903203,21.5123600072946,21.6632553594727,0.824925273542131,5033,0.0116278961464096,20.5350325901758,20.5806139430697,0.355452163178512,TRUE,"D:\dev\Uzbekistan_URBAN_research\suhi_analysis_output\suhi\Andijan\Andijan_suhi_2021.json"
"Andijan",2022,37.8801303324605,36.2936499175781,1.58648041488235,2.79139115344001,591,0.114822489141699,37.6550782537428,38.1051824111782,3.07021868325737,5033,0.0432768702095775,36.2088272519674,36.3784725831889,22.1380003977593,21.1964504488888,0.941549948870552,1.00630843801506,591,0.04139399795503,22.0568681617675,22.2191326337512,0.905245286490926,5033,0.0127600626577308,21.1714407260796,21.2214601716979,0.6449304660118,TRUE,"D:\dev\Uzbekistan_URBAN_research\suhi_analysis_output\suhi\Andijan\Andijan_suhi_2022.json"
"Andijan",2023,37.9760974510259,36.8261885730749,1.14990887795098,2.79566130792792,591,0.114998139826383,37.7507010969662,38.2014938050856,3.19075810904556,5033,0.0449759573506401,36.7380356966677,36.9143414494822,22.5051243329246,21.3205710182749,1.18455331464961,1.13017147492602,591,0.0464890424790622,22.4140058096656,22.5962428561835,0.941703534567085,5033,0.0132739670511424,21.2945540428547,21.3465879936952,-0.0346444366986347,FALSE,"D:\dev\Uzbekistan_URBAN_research\suhi_analysis_output\suhi\Andijan\Andijan_suhi_2023.json"
"Andijan",2024,36.9575476151017,35.5953530942749,1.3621945208268,3.10013302147545,591,0.127522432589754,36.7076036472257,37.2074915829776,3.43949234023514,5033,0.0484820395390431,35.5003282967783,35.6903778917714,23.0299827637642,21.8135216893239,1.21646107444028,0.933171746612485,591,0.0383855564673214,22.9547470730882,23.1052184544401,0.926815648988342,5033,0.0130641119371078,21.7879160299272,21.8391273487206,0.145733446386519,TRUE,"D:\dev\Uzbekistan_URBAN_research\suhi_analysis_output\suhi\Andijan\Andijan_suhi_2024.json"
"Bukhara",2016,38.82246371335,43.2773818055317,-4.45491809218169,1.37640575848127,404,0.0684787459254025,38.6882453713363,38.9566820553638,6.28332824238349,4554,0.0931093371303602,43.0948875047562,43.4598761063072,21.8268317733465,22.3751961541749,-0.548364380828364,1.17317055936289,404,0.0583674168512767,21.712431636318,21.941231910375,1.60271829743206,4554,0.0237498396588606,22.3286464684435,22.4217458399063,-3.90655371135333,FALSE,"D:\dev\Uzbekistan_URBAN_research\suhi_analysis_output\suhi\Bukhara\Bukhara_suhi_2016.json"
"Bukhara",2017,38.2272172160534,42.8377038303736,-4.61048661432021,1.59969927722242,404,0.0795880136994176,38.0712247092025,38.3832097229042,6.56347082139369,4554,0.097260622695498,42.6470730098904,43.0283346508568,21.5929131058272,22.0447877553734,-0.451874649546227,1.16764702937687,404,0.05809261096341,21.4790515883389,21.7067746233155,1.65427046788427,4554,0.0245137641640392,21.9967407776119,22.0928347331349,-4.15861196477398,FALSE,"D:\dev\Uzbekistan_URBAN_research\suhi_analysis_output\suhi\Bukhara\Bukhara_suhi_2017.json"
"Bukhara",2018,39.4659601185978,44.2829592188189,-4.8169991002211,1.40531140462766,404,0.069916855571538,39.3289230816776,39.602997155518,6.22676269519396,4554,0.0922711220315999,44.102107819637,44.4638106180008,21.3441061566188,21.4832466371042,-0.139140480485306,1.36317379367404,404,0.0678204310712653,21.2111781117192,21.4770342015185,1.41973078614379,4554,0.0210382439532188,21.4420116789558,21.5244815952525,-4.67785861973579,FALSE,"D:\dev\Uzbekistan_URBAN_research\suhi_analysis_output\suhi\Bukhara\Bukhara_suhi_2018.json"
"Bukhara",2019,39.0026776543999,43.6639424887198,-4.66126483431986,1.39941845578327,404,0.0696236704085293,38.8662152603992,39.1391400484007,6.44245570977638,4554,0.0954673633923408,43.4768264564708,43.8510585209688,21.8106623645913,22.0287234850676,-0.218061120476307,1.1807500245715,404,0.0587445093394998,21.6955231262858,21.9258016028967,1.46928820961095,4554,0.0217726093517652,21.9860491707381,22.071397799397,-4.44320371384355,FALSE,"D:\dev\Uzbekistan_URBAN_research\suhi_analysis_output\suhi\Bukhara\Bukhara_suhi_2019.json"
"Bukhara",2020,38.8155543282368,43.5672696644052,-4.75171533616839,1.44092690006761,404,0.0716887926970631,38.6750442945505,38.956064361923,6.25608529678615,4554,0.0927056382452794,43.3855666134444,43.7489727153659,21.0082419626766,21.4581508238157,-0.449908861139075,1.30710768472286,404,0.065031037895426,20.8807811284016,21.1357027969516,1.75800750796898,4554,0.0260509888108433,21.4070908857464,21.5092107618849,-4.30180647502931,FALSE,"D:\dev\Uzbekistan_URBAN_research\suhi_analysis_output\suhi\Bukhara\Bukhara_suhi_2020.json"
"Bukhara",2021,38.1572095614596,42.846849594847,-4.6896400333874,1.78000644901442,404,0.0885586307791487,37.9836346451325,38.3307844777868,6.63246846567469,4554,0.0982830625036279,42.6542147923399,43.0394843973541,21.4930465283027,21.8926398095388,-0.399593281236108,1.25514695866788,404,0.062445895152675,21.3706525738034,21.6154404828019,1.5649500580864,4554,0.0231901719804583,21.8471870724571,21.9380925466205,-4.29004675215129,FALSE,"D:\dev\Uzbekistan_URBAN_research\suhi_analysis_output\suhi\Bukhara\Bukhara_suhi_2021.json"
"Bukhara",2022,38.4073682731625,43.0308162796699,-4.62344800650744,1.9198203681409,404,0.0955146332411416,38.2201595920098,38.5945769543151,6.4942448897546,4554,0.0962348000170536,42.8421960716365,43.2194364877033,21.6173241865783,21.9946244424667,-0.37730025588834,1.3070120518762,404,0.0650262799834743,21.4898726778107,21.744775695346,1.56822010376381,4554,0.0232386290677954,21.9490767294938,22.0401721554396,-4.2461477506191,FALSE,"D:\dev\Uzbekistan_URBAN_research\suhi_analysis_output\suhi\Bukhara\Bukhara_suhi_2022.json"
"Bukhara",2023,38.9235777958646,43.2544948556303,-4.33091705976572,1.92887118072607,404,0.0959649279973348,38.7354865369898,39.1116690547394,6.36301155644078,4554,0.0942901222598364,43.0696862160011,43.4393034952596,22.1779782183207,22.4534053317749,-0.275427113454199,1.26541182198013,404,0.0629565911900806,22.0545832995881,22.3013731370532,1.50028629863064,4554,0.0222319537325764,22.409830702459,22.4969799610907,-4.05548994631152,FALSE,"D:\dev\Uzbekistan_URBAN_research\suhi_analysis_output\suhi\Bukhara\Bukhara_suhi_2023.json"
"Bukhara",2024,37.2507925895782,40.6527416696951,-3.40194908011694,1.5496547281546,404,0.0770982043249286,37.0996801091013,37.401905070055,5.76379047642229,4554,0.0854105801759589,40.4853369325502,40.82014640684,22.7358493692227,23.2358350935861,-0.499985724363405,1.09063610634379,404,0.0542611743398945,22.6294974675165,22.8422012709289,1.70974381888806,4554,0.0253357945818552,23.1861769362057,23.2854932509666,-2.90196335575354,FALSE,"D:\dev\Uzbekistan_URBAN_research\suhi_analysis_output\suhi\Bukhara\Bukhara_suhi_2024.json"
"Fergana",2016,39.6410974763912,38.4511178255092,1.18997965088193,2.56935777283695,590,0.105778785518773,39.4337710567744,39.848423896008,3.57263281177373,4994,0.0505549998631772,38.3520300257774,38.5502056252411,22.2641436803073,21.0626969126163,1.20144676769104,1.26048638157143,590,0.0518934030967432,22.1624326102377,22.365854750377,1.72466190402751,4994,0.0244050499773723,21.0148630146606,21.1105308105719,-0.0114671168091114,FALSE,"D:\dev\Uzbekistan_URBAN_research\suhi_analysis_output\suhi\Fergana\Fergana_suhi_2016.json"
"Fergana",2017,39.3358649895961,38.1388315716876,1.19703341790852,3.20232636499587,590,0.131837690066025,39.0774631170667,39.5942668621255,3.76390414391427,4994,0.0532616094364667,38.0344388171921,38.2432243261831,21.8213400336126,20.7760452204623,1.04529481315029,1.19891642413929,590,0.0493586080633435,21.7245971618084,21.9180829054167,1.72811960262648,4994,0.0244539785858824,20.728115422434,20.8239750184906,0.151738604758233,TRUE,"D:\dev\Uzbekistan_URBAN_research\suhi_analysis_output\suhi\Fergana\Fergana_suhi_2017.json"
"Fergana",2018,39.5442583231073,38.3792353258156,1.16502299729179,2.7550915661332,590,0.11342532477943,39.3219446865397,39.766571959675,3.58814987575382,4994,0.0507745760717384,38.2797171567149,38.4787534949162,22.0828559995732,20.8371395355414,1.2457164640318,1.16090032124828,590,0.0477935098755858,21.9891807202171,22.1765312789294,1.59996683203094,4994,0.0226405363315952,20.7927640843315,20.8815149867513,-0.0806934667400121,FALSE,"D:\dev\Uzbekistan_URBAN_research\suhi_analysis_output\suhi\Fergana\Fergana_suhi_2018.json"
"Fergana",2019,39.8528998159313,38.557869089401,1.29503072653032,2.77443692556685,590,0.114221760623417,39.6290251651094,40.0767744667532,3.81838391506651,4994,0.054032532441504,38.4519653258156,38.6637728529863,21.7832916288748,20.6747648171481,1.10852681172665,1.11184476729252,590,0.0457739246799199,21.6935747365021,21.8730085212474,1.62726531686192,4994,0.0230268270504027,20.6296322361293,20.7198973981669,0.186503914803669,TRUE,"D:\dev\Uzbekistan_URBAN_research\suhi_analysis_output\suhi\Fergana\Fergana_suhi_2019.json"
"Fergana",2020,39.4112770100838,38.1988046442721,1.21247236581169,2.6978456983214,590,0.111068549698467,39.1935826526748,39.6289713674928,3.58243928986208,4994,0.0506937676919843,38.0994448595958,38.2981644289484,21.0033004321614,19.7148407370634,1.28845969509803,1.18466270119339,590,0.0487717915762514,20.9077077206719,21.0988931436508,1.64334966524166,4994,0.0232544306897852,19.6692620529114,19.7604194212153,-0.0759873292863347,FALSE,"D:\dev\Uzbekistan_URBAN_research\suhi_analysis_output\suhi\Fergana\Fergana_suhi_2020.json"
"Fergana",2021,38.8102919089793,37.8463650031578,0.963926905821566,2.68157189577957,590,0.110398567850534,38.5939107159923,39.0266731019664,3.78837354709013,4994,0.0536078668716364,37.7412935840894,37.9514364222262,21.4638644427253,20.3506661864558,1.1131982562695,1.20168943617128,590,0.0494727711620265,21.3668978112477,21.5608310742029,1.5138870459127,4994,0.0214224532526153,20.3086781780807,20.3926541948309,-0.149271350447929,FALSE,"D:\dev\Uzbekistan_URBAN_research\suhi_analysis_output\suhi\Fergana\Fergana_suhi_2021.json"
"Fergana",2022,38.4795368937737,37.2115756465563,1.26796124721734,2.4555332015547,590,0.101092702078109,38.2813951977006,38.6776785898468,3.4039688521047,4994,0.0481682988202124,37.1171657808687,37.3059855122439,22.3442616576856,21.1466018120235,1.19765984566212,1.02128136291315,590,0.0420454883255239,22.2618525005676,22.4266708148036,1.65282014787581,4994,0.0233884439717256,21.1007604618389,21.192443162208,0.070301401555227,TRUE,"D:\dev\Uzbekistan_URBAN_research\suhi_analysis_output\suhi\Fergana\Fergana_suhi_2022.json"
"Fergana",2023,38.3470847116257,37.4225566041294,0.924528107496265,2.83073433935904,590,0.11653948847033,38.1186673142238,38.5755021090275,3.53881828913763,4994,0.050076503113775,37.3244066580264,37.5207065502324,22.0796561382917,21.1097696951892,0.969886443102475,1.22093267114725,590,0.0502650026086277,21.9811367331788,22.1781755434046,1.61538331989333,4994,0.0228586893248738,21.0649666641125,21.154572726266,-0.0453583356062097,FALSE,"D:\dev\Uzbekistan_URBAN_research\suhi_analysis_output\suhi\Fergana\Fergana_suhi_2023.json"
"Fergana",2024,37.4839071253268,36.189688512331,1.29421861299577,2.38228629054614,590,0.0980771744737415,37.2916758633583,37.6761383872953,3.57204083216397,4994,0.0505466229796106,36.090617131291,36.2887598933711,23.204271861495,21.6747350854483,1.52953677604667,1.03377489955413,590,0.0425598390892394,23.1208545768801,23.2876891461099,1.70267766647795,4994,0.0240939591978643,21.6275109254205,21.7219592454761,-0.235318163050895,FALSE,"D:\dev\Uzbekistan_URBAN_research\suhi_analysis_output\suhi\Fergana\Fergana_suhi_2024.json"
"Gulistan",2016,39.9990587918015,39.5686341318409,0.430424659960657,0.937449509205605,257,0.0584764937412608,39.8844448640687,40.1136727195344,2.16656970610395,4194,0.0334548011848725,39.5030627215185,39.6342055421632,21.8204262555436,21.4945275532959,0.325898702247713,0.754703876112854,257,0.0470771343465915,21.7281550722243,21.9126974388629,0.781196161362294,4194,0.0120627377882792,21.4708845872309,21.5181705193609,0.104525957712944,TRUE,"D:\dev\Uzbekistan_URBAN_research\suhi_analysis_output\suhi\Gulistan\Gulistan_suhi_2016.json"
"Gulistan",2017,38.4254821407168,38.1568437161832,0.26863842453367,0.936092665669648,257,0.0583918561669071,38.3110341026297,38.539930178804,2.11076851431208,4194,0.0325931544203967,38.0929611335192,38.2207262988471,21.2872905429702,21.0553373574418,0.231953185528418,0.795325888797199,257,0.0496110658780149,21.1900528538493,21.3845282320911,0.878569175541978,4194,0.0135663103809244,21.0287473890952,21.0819273257884,0.0366852390052514,TRUE,"D:\dev\Uzbekistan_URBAN_research\suhi_analysis_output\suhi\Gulistan\Gulistan_suhi_2017.json"
"Gulistan",2018,38.6444712633346,38.9255510284076,-0.281079765073024,0.987781408362468,257,0.0616161113496012,38.5237036850894,38.7652388415798,2.23148910181308,4194,0.0344572454959751,38.8580148272355,38.9930872295797,21.0300557353471,20.5839849456962,0.446070789650882,0.895462196765991,257,0.0558573971510156,20.9205752369311,21.139536233763,1.06585496042804,4194,0.01645825919774,20.5517267576686,20.6162431337237,-0.727150554723906,FALSE,"D:\dev\Uzbekistan_URBAN_research\suhi_analysis_output\suhi\Gulistan\Gulistan_suhi_2018.json"
"Gulistan",2019,39.0753798094211,39.0252859042429,0.0500939051782012,0.79972493151373,257,0.0498854706233956,38.9776042869993,39.173155331843,2.1627100460684,4194,0.0333952027520289,38.9598313068489,39.0907405016369,21.5285815953494,21.043950624809,0.484630970540451,0.738702953989352,257,0.046079024247625,21.4382667078241,21.6188964828748,1.00366776196492,4194,0.0154980037510925,21.0135745374568,21.0743267121611,-0.43453706536225,FALSE,"D:\dev\Uzbekistan_URBAN_research\suhi_analysis_output\suhi\Gulistan\Gulistan_suhi_2019.json"
"Gulistan",2020,38.5374480103081,38.8770787204874,-0.339630710179335,1.00270392210925,257,0.0625469521822524,38.4148559840309,38.6600400365853,1.94198811061806,4194,0.0299869540135611,38.8183042906208,38.935853150354,20.302982290543,19.6655255221745,0.637456768368487,0.97854447170668,257,0.0610399270716892,20.1833440334825,20.4226205476035,1.16842788716363,4194,0.0180421255562615,19.6301629560842,19.7008880882648,-0.977087478547823,FALSE,"D:\dev\Uzbekistan_URBAN_research\suhi_analysis_output\suhi\Gulistan\Gulistan_suhi_2020.json"
"Gulistan",2021,38.6572196751768,39.2977121471558,-0.64049247197903,1.29486261123378,257,0.0807713104951851,38.4989079066063,38.8155314437474,2.3769139956411,4194,0.0367028048687664,39.2257746496131,39.3696496446986,21.545237774182,21.074006588485,0.471231185696944,0.783796441703535,257,0.0488918787279954,21.4494096918751,21.6410658564888,0.862474580141481,4194,0.013317787802695,21.0479037243917,21.1001094525783,-1.11172365767597,FALSE,"D:\dev\Uzbekistan_URBAN_research\suhi_analysis_output\suhi\Gulistan\Gulistan_suhi_2021.json"
"Gulistan",2022,37.8494230192976,37.7733252063472,0.0760978129504295,0.963873217744606,257,0.0601247593937877,37.7315784908858,37.9672675477095,1.59038924814463,4194,0.0245577864184743,37.725191944967,37.8214584677274,21.6887176375405,21.0579170503542,0.630800587186279,0.856907902599994,257,0.053452446357018,21.5839508426807,21.7934844324002,0.936916901397139,4194,0.0144672791162364,21.0295611832864,21.086272917422,-0.554702774235849,FALSE,"D:\dev\Uzbekistan_URBAN_research\suhi_analysis_output\suhi\Gulistan\Gulistan_suhi_2022.json"
"Gulistan",2023,37.6986750868992,37.9918392057058,-0.293164118806551,1.21082335644054,257,0.0755290858114241,37.5506380787089,37.8467120950896,2.11864289497134,4194,0.0327147456337638,37.9277183042636,38.055960107148,21.8903038475369,21.3686231697872,0.521680677749664,0.869806208135356,257,0.0542570205506197,21.7839600872577,21.9966476078161,0.866307398128097,4194,0.0133769717575702,21.3424043051424,21.3948420344321,-0.814844796556216,FALSE,"D:\dev\Uzbekistan_URBAN_research\suhi_analysis_output\suhi\Gulistan\Gulistan_suhi_2023.json"
"Gulistan",2024,36.6494255663431,36.7269681622198,-0.0775425958767002,1.28173724516275,257,0.0799525726545147,36.4927185239402,36.8061326087459,2.25393560542124,4194,0.034803850229435,36.6587526157701,36.7951837086695,22.7563712093971,22.2779146685221,0.478456540874991,0.773151378904354,257,0.0482278579545682,22.6618446078062,22.8508978109881,0.878100965234246,4194,0.0135590805730332,22.251338870599,22.3044904664453,-0.555999136751691,FALSE,"D:\dev\Uzbekistan_URBAN_research\suhi_analysis_output\suhi\Gulistan\Gulistan_suhi_2024.json"
"Jizzakh",2016,41.9515911693792,41.9629383715547,-0.011347202175493,2.53614407176044,259,0.157588324841512,41.6427180526899,42.2604642860686,3.19674674611548,4176,0.0494684140071921,41.8659802801006,42.0598964630088,22.2291529535865,20.6101232964934,1.61902965709309,1.09630426973228,259,0.0681210327549661,22.0956357293868,22.3626701777863,1.4027054112676,4176,0.0217063213090097,20.5675789067278,20.6526676862591,-1.63037685926858,FALSE,"D:\dev\Uzbekistan_URBAN_research\suhi_analysis_output\suhi\Jizzakh\Jizzakh_suhi_2016.json"
"Jizzakh",2017,41.8891047317661,41.7039248755108,0.185179856255374,3.07032509341434,259,0.190780718484248,41.515174523537,42.2630349399953,3.71362414315467,4176,0.0574668909271308,41.5912897692936,41.8165599817279,22.0840735382761,20.3518731053159,1.73220043296021,1.16074514363512,259,0.0721251938287586,21.9427081583717,22.2254389181804,1.39551613219315,4176,0.0215950700082616,20.3095467680997,20.3941994425321,-1.54702057670483,FALSE,"D:\dev\Uzbekistan_URBAN_research\suhi_analysis_output\suhi\Jizzakh\Jizzakh_suhi_2017.json"
"Jizzakh",2018,42.9077513562387,43.1436023584366,-0.23585100219789,2.96969142866169,259,0.184527646812328,42.5460771684866,43.2694255439909,3.65470789479015,4176,0.0565551848717832,43.0327541960879,43.2544505207853,21.5127709463532,19.7382850887242,1.77448585762908,1.21727605350815,259,0.0756378536527223,21.3645207531939,21.6610211395126,1.35806483971482,4176,0.021015525806434,19.6970946581436,19.7794755193048,-2.01033685982697,FALSE,"D:\dev\Uzbekistan_URBAN_research\suhi_analysis_output\suhi\Jizzakh\Jizzakh_suhi_2018.json"
"Jizzakh",2019,41.9368065099458,41.6334971471893,0.303309362756437,2.45438809259052,259,0.15250825547691,41.637890329211,42.2357226906805,3.26591957295726,4176,0.0505388366299459,41.5344410273946,41.732553266984,21.8997650693189,20.1407510940254,1.75901397529343,1.27969025415697,259,0.0795160833779533,21.7439135458981,22.0556165927397,1.60444579507077,4176,0.0248281753752013,20.0920878702901,20.1894143177608,-1.45570461253699,FALSE,"D:\dev\Uzbekistan_URBAN_research\suhi_analysis_output\suhi\Jizzakh\Jizzakh_suhi_2019.json"
"Jizzakh",2020,41.5698236889693,41.2932347225405,0.276588966428818,2.62364469566535,259,0.163025349061587,41.2502940048086,41.88935337313,3.31484380731561,4176,0.0512959201502982,41.1926947190459,41.3937747260351,20.6558943640748,18.7931678693638,1.86272649471096,1.34210647622812,259,0.0833944387082563,20.4924412642066,20.8193474639429,1.51490600541617,4176,0.0234425819151835,18.74722040881,18.8391153299176,-1.58613752828214,FALSE,"D:\dev\Uzbekistan_URBAN_research\suhi_analysis_output\suhi\Jizzakh\Jizzakh_suhi_2020.json"
"Jizzakh",2021,42.9280693188668,43.1581098466525,-0.230040527785633,2.90084635186044,259,0.180249821886096,42.5747796679701,43.2813589697636,3.57061607447269,4176,0.055253896620802,43.0498122092757,43.2664074840292,22.0388084689572,20.2861413930542,1.75266707590301,1.10628134439823,259,0.0687409780100221,21.9040761520576,22.1735407858569,1.37862855614609,4176,0.0213337413295074,20.2443272600484,20.3279555260601,-1.98270760368865,FALSE,"D:\dev\Uzbekistan_URBAN_research\suhi_analysis_output\suhi\Jizzakh\Jizzakh_suhi_2021.json"
"Jizzakh",2022,41.1875786618445,40.9311309690504,0.256447692794154,2.61608989976445,259,0.162555916885474,40.868969064749,41.50618825894,3.12969448557461,4176,0.048430806324136,40.8362065886551,41.0260553494457,22.0521202531646,20.1423471594001,1.90977309376451,0.969601025672279,259,0.0602480762436507,21.934034023727,22.1702064826021,1.36096092743259,4176,0.0210603416387792,20.1010688897881,20.1836254290121,-1.65332540097036,FALSE,"D:\dev\Uzbekistan_URBAN_research\suhi_analysis_output\suhi\Jizzakh\Jizzakh_suhi_2022.json"
"Jizzakh",2023,42.2009798071127,42.0157298735636,0.185249933549102,2.50607565896977,259,0.155719964579535,41.8957686765368,42.5061909376886,3.07069667203346,4176,0.0475178380793668,41.9225949109281,42.1088648361992,22.5485149186257,20.6742986309714,1.87421628765431,1.24331024424358,259,0.0772555395532529,22.3970940611013,22.6999357761501,1.39632323775658,4176,0.021607559653307,20.6319478140509,20.7166494478919,-1.6889663541052,FALSE,"D:\dev\Uzbekistan_URBAN_research\suhi_analysis_output\suhi\Jizzakh\Jizzakh_suhi_2023.json"
"Jizzakh",2024,41.0460539481615,40.6688118992998,0.377242048861753,2.66238608480927,259,0.165432621852279,40.7218060093311,41.370301886992,3.24610585667757,4176,0.0502322270678542,40.5703567342468,40.7672670643528,23.2586913803497,21.5422467853429,1.71644459500681,1.16017740961004,259,0.0720899165529266,23.1173951439059,23.3999876167934,1.39353138658273,4176,0.0215643568409846,21.4999806459345,21.5845129247512,-1.33920254614505,FALSE,"D:\dev\Uzbekistan_URBAN_research\suhi_analysis_output\suhi\Jizzakh\Jizzakh_suhi_2024.json"
"Namangan",2016,38.9555056335701,38.2881812358541,0.667324397715994,2.23810115322499,593,0.0919077986924069,38.775366348133,39.1356449190072,3.14786775413649,5051,0.0442922553041857,38.2013684154579,38.3749940562503,22.0033761771023,20.9132106253677,1.09016555173454,1.25652185814634,593,0.0515991682613254,21.9022418073101,22.1045105468945,1.03283412839964,5051,0.0145325523417683,20.8847268227779,20.9416944279576,-0.422841154018542,FALSE,"D:\dev\Uzbekistan_URBAN_research\suhi_analysis_output\suhi\Namangan\Namangan_suhi_2016.json"
"Namangan",2017,38.3309066578556,37.4711786549316,0.859728002923987,2.34716025133612,593,0.096386319075782,38.141989472467,38.5198238432441,3.14248951610393,5051,0.0442165804948765,37.3845141571616,37.5578431527015,21.9122766231621,20.8147836726307,1.0974929505314,1.21396226755395,593,0.0498514553489935,21.8145677706781,22.0099854756461,1.05127242621074,5051,0.0147919894775725,20.7857913732547,20.8437759720068,-0.237764947607413,FALSE,"D:\dev\Uzbekistan_URBAN_research\suhi_analysis_output\suhi\Namangan\Namangan_suhi_2017.json"
"Namangan",2018,38.3539508342971,37.7570237980341,0.596927036262983,1.73299585452719,593,0.0711656101437384,38.2144662384153,38.4934354301788,2.88067401243234,5051,0.0405326903073114,37.6775797250317,37.8364678710364,21.6138923509004,20.5855111097966,1.02838124110377,1.13228746336213,593,0.0464974731346119,21.5227573035566,21.7050273982442,1.15480723361366,5051,0.0162487819734878,20.5536634971286,20.6173587224647,-0.431454204840783,FALSE,"D:\dev\Uzbekistan_URBAN_research\suhi_analysis_output\suhi\Namangan\Namangan_suhi_2018.json"
"Namangan",2019,38.109838625475,37.5963647599804,0.513473865494525,1.99124350637849,593,0.081770570140714,37.9495683079992,38.2701089429508,3.03165628874315,5051,0.0426570951588106,37.5127568534692,37.6799726664917,21.5759146208492,20.4352196508127,1.14069497003651,1.36869652312583,593,0.0562056296415308,21.4657515867518,21.6860776549466,1.04418090038304,5051,0.014692207753247,20.4064229236163,20.464016378009,-0.627221104541981,FALSE,"D:\dev\Uzbekistan_URBAN_research\suhi_analysis_output\suhi\Namangan\Namangan_suhi_2019.json"
"Namangan",2020,37.9810495291591,37.4062950766337,0.574754452525383,1.80967866626071,593,0.0743145957978572,37.8353929213953,38.1267061369229,2.94030384796807,5051,0.0413717153571485,37.3252065145337,37.4873836387338,20.7975354369734,19.4906801072842,1.30685532968926,1.23675979256846,593,0.0507876374946038,20.697991667484,20.8970792064629,1.11265635202618,5051,0.0156556955561452,19.4599949439941,19.5213652705742,-0.732100877163877,FALSE,"D:\dev\Uzbekistan_URBAN_research\suhi_analysis_output\suhi\Namangan\Namangan_suhi_2020.json"
"Namangan",2021,37.462723806377,37.3281181682612,0.134605638115801,2.66273510899086,593,0.109345425257343,37.2484067728726,37.6770408398814,3.32594004006649,5051,0.0467978317028915,37.2363944181235,37.4198419183988,21.5558110028085,20.4662820708399,1.08952893196861,1.0468708422366,593,0.0429898329155456,21.4715509302941,21.640071075323,1.05523627092963,5051,0.0148477629839546,20.4371804553914,20.4953836862885,-0.954923293852811,FALSE,"D:\dev\Uzbekistan_URBAN_research\suhi_analysis_output\suhi\Namangan\Namangan_suhi_2021.json"
"Namangan",2022,37.6866367751528,36.6765485923233,1.01008818282949,1.91174272518348,593,0.078505864350526,37.5327652810258,37.8405082692798,2.833684121088,5051,0.0398715163233012,36.5984004203296,36.754696764317,21.8984197587973,20.8800186175097,1.01840114128758,1.1559806153087,593,0.0474704342701515,21.8053777076278,21.9914618099668,1.17626475437443,5051,0.0165507012604344,20.8475792430392,20.9124579919802,-0.0083129584580881,FALSE,"D:\dev\Uzbekistan_URBAN_research\suhi_analysis_output\suhi\Namangan\Namangan_suhi_2022.json"
"Namangan",2023,38.4635770031389,37.6355696008442,0.828007402294716,2.09153302583355,593,0.0858889670915187,38.2952346276396,38.6319193786383,3.2231403029941,5051,0.0453513820565776,37.5466808920133,37.7244583096751,22.6657582025442,21.3831093576336,1.28264884491065,1.29847045591494,593,0.0533217907056194,22.5612474927612,22.7702689123273,1.09391893513997,5051,0.0153920496480938,21.3529409403233,21.4132777749439,-0.454641442615937,FALSE,"D:\dev\Uzbekistan_URBAN_research\suhi_analysis_output\suhi\Namangan\Namangan_suhi_2023.json"
"Namangan",2024,37.1898669750537,36.2262198204873,0.963647154566345,2.31811554046027,593,0.0951935957547606,37.0032875273744,37.376446422733,3.15448599315759,5051,0.0443853776191246,36.1392244803539,36.3132151606208,23.180332859739,21.8613179671421,1.31901489259682,1.12351211013622,593,0.0461371125688801,23.089904119104,23.270761600374,1.08310286235108,5051,0.0152398614703266,21.8314478386603,21.891188095624,-0.355367738030473,FALSE,"D:\dev\Uzbekistan_URBAN_research\suhi_analysis_output\suhi\Namangan\Namangan_suhi_2024.json"
"Navoiy",2016,43.9319214487527,47.0092891930504,-3.07736774429773,4.87824041737987,408,0.241508888165909,43.4585640279475,44.4052788695578,4.47406477109613,4575,0.0661464769284552,46.8796420982706,47.1389362878302,22.0097083015921,22.5868181212903,-0.57710981969824,1.36335635183897,408,0.06749619709875,21.8774157552785,22.1420008479056,1.34218232664398,4575,0.0198433945070906,22.5479250680564,22.6257111745242,-2.50025792459949,FALSE,"D:\dev\Uzbekistan_URBAN_research\suhi_analysis_output\suhi\Navoiy\Navoiy_suhi_2016.json"
"Navoiy",2017,43.7921887505665,47.1101970445041,-3.31800829393762,5.20346281496545,408,0.257609796060426,43.2872735502881,44.297103950845,4.70998621158376,4575,0.0696344398701092,46.9737135423587,47.2466805466496,22.4215605141606,22.9852280023814,-0.563667488220759,1.25306208183426,408,0.0620358170762714,22.2999703126912,22.5431507156301,1.49351508577396,4575,0.0220807623979131,22.9419497080815,23.0285062966813,-2.75434080571686,FALSE,"D:\dev\Uzbekistan_URBAN_research\suhi_analysis_output\suhi\Navoiy\Navoiy_suhi_2017.json"
"Navoiy",2018,44.7338424153593,47.9323461234139,-3.19850370805467,4.43024843285673,408,0.219329980028468,44.3039556545035,45.1637291762151,4.0157849332671,4575,0.0593710728449986,47.8159788206377,48.0487134261901,21.6142847362179,22.0986259719708,-0.484341235752922,1.0549931898006,408,0.0522299457369097,21.5119140425736,21.7166554298622,1.30976377915023,4575,0.019364104909474,22.0606723263482,22.1365796175934,-2.71416247230175,FALSE,"D:\dev\Uzbekistan_URBAN_research\suhi_analysis_output\suhi\Navoiy\Navoiy_suhi_2018.json"
"Navoiy",2019,43.7569514864565,47.4448968342811,-3.68794534782462,4.4871653151765,408,0.222147785587608,43.3215418267048,44.1923611462082,4.60330931849377,4575,0.0680572833002798,47.3115045590126,47.5782891095497,21.9412058474683,22.7960325463637,-0.854826698895462,1.45381306613878,408,0.0719744717692351,21.8001358828006,22.082275812136,1.54731826474741,4575,0.0228762114847561,22.7511951718536,22.8408699208739,-2.83311864892915,FALSE,"D:\dev\Uzbekistan_URBAN_research\suhi_analysis_output\suhi\Navoiy\Navoiy_suhi_2019.json"
"Navoiy",2020,43.7068038533119,47.3105808671985,-3.60377701388665,4.7265888019493,408,0.234001014445558,43.2481618649986,44.1654458416252,4.75034891195843,4575,0.0702311792035116,47.1729277559596,47.4482339784374,21.4826271178269,22.2020557972029,-0.719428679376005,1.54685374690727,408,0.0765806718422249,21.3325290010162,21.6327252346377,1.58901302557788,4575,0.0234926445666211,22.1560102138523,22.2481013805535,-2.88434833451064,FALSE,"D:\dev\Uzbekistan_URBAN_research\suhi_analysis_output\suhi\Navoiy\Navoiy_suhi_2020.json"
"Navoiy",2021,44.4042299644177,47.5751661209913,-3.17093615657361,4.89702958679101,408,0.24243909066226,43.9290493467196,44.8794105821157,4.26336293997428,4575,0.0630313714205682,47.451624633007,47.6987076089756,21.8973284283001,22.2335344900906,-0.336206061790524,1.22046632762935,408,0.0604220867793984,21.7789011382125,22.0157557183877,1.3653677361676,4575,0.0201861774650036,22.1939695822592,22.273099397922,-2.83473009478309,FALSE,"D:\dev\Uzbekistan_URBAN_research\suhi_analysis_output\suhi\Navoiy\Navoiy_suhi_2021.json"
"Navoiy",2022,43.1187161412881,46.5962401664604,-3.47752402517225,4.76084078530899,408,0.235696740303842,42.6567505302926,43.5806817522837,4.34959572879731,4575,0.0643062736556027,46.4701998700954,46.7222804628254,21.762579771077,22.2894651293255,-0.526885358248443,1.26076733590287,408,0.0624172839954736,21.6402418944459,21.8849176477082,1.3623152244537,4575,0.0201410478332286,22.2499886755724,22.3289415830786,-2.95063866692381,FALSE,"D:\dev\Uzbekistan_URBAN_research\suhi_analysis_output\suhi\Navoiy\Navoiy_suhi_2022.json"
"Navoiy",2023,44.0821645468308,46.9926776781121,-2.91051313128123,4.42704883465748,408,0.219171576313693,43.652588257256,44.5117408364057,3.95339341180137,4575,0.0584486500491048,46.8781183240158,47.1072370322083,22.6865873697,23.0087046145149,-0.322117244814855,1.27199140325347,408,0.0629729581309435,22.5631603717634,22.8100143676367,1.25960152854306,4575,0.0186224848565185,22.9722045441961,23.0452046848337,-2.58839588646637,FALSE,"D:\dev\Uzbekistan_URBAN_research\suhi_analysis_output\suhi\Navoiy\Navoiy_suhi_2023.json"
"Navoiy",2024,41.6082516417076,44.1512340539227,-2.54298241221505,4.31544697483692,408,0.213646460949045,41.1895045782475,42.0269987051678,3.72621314175695,4575,0.0550899202899441,44.0432578101544,44.259210297691,23.2568796466833,23.8350645918689,-0.578184945185544,1.49241385215803,408,0.0738854954409312,23.1120640756191,23.4016952177476,1.43218321330145,4575,0.0211740059035301,23.793563540298,23.8765656434398,-1.96479746702951,FALSE,"D:\dev\Uzbekistan_URBAN_research\suhi_analysis_output\suhi\Navoiy\Navoiy_suhi_2024.json"
"Nukus",2016,41.6288254056819,39.8267174200841,1.80210798559787,4.48500232941851,424,0.21781096776018,41.201915908872,42.0557349024919,5.03770380938839,4739,0.0731794726156708,39.6832856537574,39.9701491864108,22.5891553447715,21.9536950636164,0.635460281155069,0.943051742529479,424,0.0457986412495133,22.4993900079225,22.6789206816205,1.07635412884753,4739,0.0156355019026664,21.9230494798872,21.9843406473457,1.1666477044428,TRUE,"D:\dev\Uzbekistan_URBAN_research\suhi_analysis_output\suhi\Nukus\Nukus_suhi_2016.json"
"Nukus",2017,41.5912082577766,40.2806892098109,1.31051904796568,4.70273854871884,424,0.228385173336656,41.1435733180367,42.0388431975164,5.20439053631442,4739,0.0756008231416281,40.1325115964533,40.4288668231685,22.2027205096015,21.4158250668143,0.786895442787259,0.875686444047136,424,0.0425270931480445,22.1193674070314,22.2860736121717,1.12503442539696,4739,0.0163426491592445,21.3837934744622,21.4478566591664,0.523623605178418,TRUE,"D:\dev\Uzbekistan_URBAN_research\suhi_analysis_output\suhi\Nukus\Nukus_suhi_2017.json"
"Nukus",2018,42.6343145022551,41.2046294771341,1.42968502512105,4.35891170720966,424,0.211687465823816,42.2194070692405,43.0492219352698,4.76155156910144,4739,0.0691679872107183,41.0690602222011,41.3401987320671,21.6497027944391,20.6565552516076,0.993147542831423,1.28804442338391,424,0.0625529669260451,21.527098979264,21.7723066096141,1.58283398244638,4739,0.0229928079252541,20.6114893480741,20.7016211551411,0.436537482289623,TRUE,"D:\dev\Uzbekistan_URBAN_research\suhi_analysis_output\suhi\Nukus\Nukus_suhi_2018.json"
"Nukus",2019,42.0793050634677,40.3261452035411,1.75315985992658,4.21602490530368,424,0.20474826929338,41.6779984556527,42.4806116712827,5.01181920743014,4739,0.0728034637052937,40.1834504146787,40.4688399924035,21.0487483145023,20.2693973711723,0.779350943329973,1.23236290584455,424,0.0598488333870162,20.9314446010637,21.1660520279408,1.42470218903922,4739,0.0206957293983784,20.2288337415515,20.3099610007931,0.973808916596603,TRUE,"D:\dev\Uzbekistan_URBAN_research\suhi_analysis_output\suhi\Nukus\Nukus_suhi_2019.json"
"Nukus",2020,42.8115206211931,41.6581550902262,1.15336553096692,4.46509194419432,424,0.216844033976063,42.3865063146001,43.2365349277862,5.10573857533899,4739,0.0741677697605957,41.5127862614955,41.803523918957,21.6855003487237,21.015436425815,0.670063922908685,1.06313006965839,424,0.0516301603253046,21.5843052344861,21.7866954629613,1.11763597004278,4739,0.0162351765722336,20.9836154797334,21.0472573718966,0.48330160805823,TRUE,"D:\dev\Uzbekistan_URBAN_research\suhi_analysis_output\suhi\Nukus\Nukus_suhi_2020.json"
"Nukus",2021,43.1724250709072,42.3898407890791,0.782584281828072,4.24429998052387,424,0.206121428334302,42.7684270713719,43.5764230704424,4.45448097541139,4739,0.0647073708362224,42.2630143422401,42.5166672359181,23.2018514902125,22.0012630335405,1.20058845667202,0.946123868105602,424,0.045947836856487,23.1117937299738,23.2919092504512,1.22727493934648,4739,0.0178278311337856,21.9663204845183,22.0362055825627,-0.418004174843947,FALSE,"D:\dev\Uzbekistan_URBAN_research\suhi_analysis_output\suhi\Nukus\Nukus_suhi_2021.json"
"Nukus",2022,41.4606452782815,41.0148542264874,0.445791051794153,4.05010304791558,424,0.196690391576523,41.0751321107915,41.8461584457715,4.32596144188855,4739,0.0628404505011113,40.8916869435052,41.1380215094695,21.6210935044405,20.3335673750992,1.2875261293413,1.22411170487053,424,0.0594481196443395,21.5045751899376,21.7376118189434,1.72691142581225,4739,0.0250857279777748,20.2843993482627,20.3827354019356,-0.841735077547145,FALSE,"D:\dev\Uzbekistan_URBAN_research\suhi_analysis_output\suhi\Nukus\Nukus_suhi_2022.json"
"Nukus",2023,42.3313079462501,41.4767139074691,0.854594038781009,3.37022172726302,424,0.163672435834992,42.0105099720136,42.6521059204867,4.07444020779849,4739,0.0591867638298047,41.3607078503627,41.5927199645755,21.8942371320966,20.8917654617183,1.00247167037823,1.27056916162011,424,0.0617042931914368,21.7732967174413,22.0151775467518,1.46157019323984,4739,0.0212312871059922,20.8501521389906,20.9333787844461,-0.147877631597225,FALSE,"D:\dev\Uzbekistan_URBAN_research\suhi_analysis_output\suhi\Nukus\Nukus_suhi_2023.json"
"Nukus",2024,40.2873331473474,39.2982333536027,0.98909979374465,2.99255323676089,424,0.145331232560866,40.0024839315281,40.5721823631667,3.96746040839378,4739,0.0576327373135221,39.1852731884682,39.4111935187372,23.5971596224485,22.6534800650828,0.943679557365744,1.25134450987394,424,0.060770661568947,23.4780491257734,23.7162701191237,1.37430226175658,4739,0.0199636021757461,22.6143514048183,22.6926087253473,0.0454202363789058,TRUE,"D:\dev\Uzbekistan_URBAN_research\suhi_analysis_output\suhi\Nukus\Nukus_suhi_2024.json"
"Nurafshon",2016,37.2623980319877,39.2002860268731,-1.93788799488541,2.06206850897288,268,0.125960881982926,37.0155147033012,37.5092813606742,2.56837409439515,4225,0.0395134476060792,39.1228396695652,39.277732384181,20.3266280694453,20.5097592797091,-0.183131210263749,0.947321024680489,268,0.0578668416061305,20.2132090598973,20.4400470789933,1.0080179971429,4225,0.0155079691868138,20.4793636601029,20.5401548993152,-1.75475678462166,FALSE,"D:\dev\Uzbekistan_URBAN_research\suhi_analysis_output\suhi\Nurafshon\Nurafshon_suhi_2016.json"
"Nurafshon",2017,36.1351208454724,38.3975379547287,-2.2624171092563,1.93704591614757,268,0.118323911634199,35.9032059786694,36.3670357122754,2.90385993272054,4225,0.0446747681957005,38.3099754090651,38.4851005003923,20.3534406028896,20.6676434251032,-0.314202822213598,0.978820504527933,268,0.0597909785813679,20.2362502848701,20.4706309209091,1.08503616638782,4225,0.0166928640982742,20.6349254114706,20.7003614387358,-1.94821428704271,FALSE,"D:\dev\Uzbekistan_URBAN_research\suhi_analysis_output\suhi\Nurafshon\Nurafshon_suhi_2017.json"
"Nurafshon",2018,37.4697837267376,40.1594046417384,-2.68962091500076,1.8936190419748,268,0.11567119309029,37.2430681882807,37.6964992651946,3.30556374073001,4225,0.0508548267804617,40.0597291812487,40.2590801022281,19.7033682145193,20.0244000599126,-0.321031845393239,0.917278148772636,268,0.0560316808778666,19.5935461199987,19.8131903090399,1.16982227401279,4225,0.0179972657540429,19.9891254190346,20.0596747007905,-2.36858906960752,FALSE,"D:\dev\Uzbekistan_URBAN_research\suhi_analysis_output\suhi\Nurafshon\Nurafshon_suhi_2018.json"
"Nurafshon",2019,37.4808575123373,39.2640910355297,-1.78323352319247,2.10921575054998,268,0.128840858136129,37.2283294303905,37.7333855942841,2.45515103092151,4225,0.0377715543218694,39.1900587890589,39.3381232820006,20.0175160532731,20.4444723736835,-0.426956320410355,1.03425883335533,268,0.0631774134958107,19.8936883228213,20.1413437837249,1.26465939085388,4225,0.0194562983208289,20.4063380289746,20.4826067183923,-1.35627720278212,FALSE,"D:\dev\Uzbekistan_URBAN_research\suhi_analysis_output\suhi\Nurafshon\Nurafshon_suhi_2019.json"
"Nurafshon",2020,37.0202489743742,39.4785901745187,-2.45834120014445,1.8934593349822,268,0.115661437433017,36.7935525570055,37.2469453917429,2.52638134577,4225,0.0388674053195385,39.4024100600924,39.554770288945,18.2713841488793,19.0060917537369,-0.734707604857586,1.15164125607853,268,0.0703476861764557,18.1335026839734,18.4092656137851,1.4104001577152,4225,0.0216984639648493,18.9635627643657,19.048620743108,-1.72363359528686,FALSE,"D:\dev\Uzbekistan_URBAN_research\suhi_analysis_output\suhi\Nurafshon\Nurafshon_suhi_2020.json"
"Nurafshon",2021,37.9172010821095,40.2664615280131,-2.34926044590357,2.17978270823027,268,0.133151421140987,37.6562242966732,38.1781778675459,3.05985664329069,4225,0.0470747175890875,40.1741950815385,40.3587279744877,20.0141653784411,20.4770237482777,-0.462858369836592,0.929899973391934,268,0.0568026815281178,19.902832122646,20.1254986342362,1.13145729515865,4225,0.0174070353101331,20.4429059590698,20.5111415374855,-1.88640207606698,FALSE,"D:\dev\Uzbekistan_URBAN_research\suhi_analysis_output\suhi\Nurafshon\Nurafshon_suhi_2021.json"
"Nurafshon",2022,37.6410118021286,39.3305678580034,-1.68955605587476,2.3715886757529,268,0.144867835379219,37.3570708447853,37.9249527594719,2.70647751703808,4225,0.0416381156467397,39.2489571513357,39.412178564671,19.7942762649385,20.1046516742502,-0.3103754093117,1.19160768024144,268,0.0727890240929014,19.6516097777164,19.9369427521606,1.31693949321017,4225,0.0202606075878487,20.064940883378,20.1443624651224,-1.37918064656306,FALSE,"D:\dev\Uzbekistan_URBAN_research\suhi_analysis_output\suhi\Nurafshon\Nurafshon_suhi_2022.json"
"Nurafshon",2023,36.956165794637,39.194342528926,-2.23817673428896,2.18708895097414,268,0.133597720949163,36.6943142615767,37.2180173276974,2.9058173727107,4225,0.0447048826570876,39.1067209589181,39.2819640989339,20.623440751531,21.0004792729364,-0.37703852140536,1.01914888539508,268,0.0622544265225324,20.5014220755469,20.7454594275152,1.34911575401946,4225,0.0207556269849148,20.9597982440459,21.0411603018268,-1.8611382128836,FALSE,"D:\dev\Uzbekistan_URBAN_research\suhi_analysis_output\suhi\Nurafshon\Nurafshon_suhi_2023.json"
"Nurafshon",2024,36.0447360128427,37.9151509118531,-1.87041489901041,1.92060399305768,268,0.117319561330179,35.8147896726355,36.2746823530498,2.57634819610692,4225,0.0396361260939526,37.8374641047089,37.9928377189972,21.1533714846305,21.5095882217771,-0.356216737146568,1.04902324913852,268,0.0640792937320495,21.0277760689157,21.2789669003453,1.29866874850056,4225,0.019979519207701,21.47042836413,21.5487480794242,-1.51419816186384,FALSE,"D:\dev\Uzbekistan_URBAN_research\suhi_analysis_output\suhi\Nurafshon\Nurafshon_suhi_2024.json"
"Qarshi",2016,41.7812929354913,43.4375596567917,-1.65626672130034,1.68636962519526,259,0.104785909939911,41.5759125520091,41.9866733189736,4.12337960712039,4088,0.0644908164558865,43.3111576565381,43.5639616570452,23.7423129554346,22.1984353719291,1.54387758350548,1.00937713453836,259,0.0627196433895061,23.6193824543911,23.865243456478,0.842784794897905,4088,0.0131813911641111,22.1725998452474,22.2242708986107,-3.20014430480582,FALSE,"D:\dev\Uzbekistan_URBAN_research\suhi_analysis_output\suhi\Qarshi\Qarshi_suhi_2016.json"
"Qarshi",2017,41.4256454705838,42.1842154681864,-0.758569997602649,1.64092463320338,259,0.101962095535919,41.2257997633334,41.6254911778342,4.0263251034003,4088,0.0629728567281862,42.0607886689992,42.3076422673737,23.064570836849,21.4321467900301,1.6324240468189,1.06656318941444,259,0.0662730119431943,22.9346757334404,23.1944659402577,1.0618003472529,4088,0.0166068559851332,21.3995973522993,21.464696227761,-2.39099404442155,FALSE,"D:\dev\Uzbekistan_URBAN_research\suhi_analysis_output\suhi\Qarshi\Qarshi_suhi_2017.json"
"Qarshi",2018,42.7335307202578,44.2323124897393,-1.49878176948155,1.58264850436469,259,0.0983409930819236,42.5407823738172,42.9262790666983,3.41045751151806,4088,0.0533405144231943,44.1277650814699,44.3368598980088,22.5820719490681,20.6176747988399,1.96439715022817,1.13475311382201,259,0.0705101276804714,22.4438720988143,22.7202717993218,0.761568602719107,4088,0.0119111470822895,20.5943289505586,20.6410206471212,-3.46317891970972,FALSE,"D:\dev\Uzbekistan_URBAN_research\suhi_analysis_output\suhi\Qarshi\Qarshi_suhi_2018.json"
"Qarshi",2019,41.5438261870063,42.912213073754,-1.36838688674775,1.3902708407125,259,0.086387226697182,41.3745072226798,41.7131451513328,3.57542339153553,4088,0.0559206271713195,42.8026086444982,43.0218175030098,23.0483824499502,21.3083887601852,1.73999368976494,0.975937020092588,259,0.060641775780684,22.92952456942,23.1672403304803,0.879950187452288,4088,0.0137626683537244,21.2814139302119,21.3353635901585,-3.10838057651269,FALSE,"D:\dev\Uzbekistan_URBAN_research\suhi_analysis_output\suhi\Qarshi\Qarshi_suhi_2019.json"
"Qarshi",2020,41.3793236173967,43.125755364671,-1.74643174727435,1.6112737260409,259,0.100119677811392,41.1830890488863,41.575558185907,3.66135469215673,4088,0.0572646168749615,43.0135167155961,43.2379940137459,22.1778169824347,20.2220333761207,1.95578360631395,1.14047416437095,259,0.0708656164645593,22.0389203741641,22.3167135907052,0.942959780111666,4088,0.0147481560997809,20.1931269901651,20.2509397620763,-3.7022153535883,FALSE,"D:\dev\Uzbekistan_URBAN_research\suhi_analysis_output\suhi\Qarshi\Qarshi_suhi_2020.json"
"Qarshi",2021,42.7375086292859,43.8004947085349,-1.06298607924901,1.7576085592427,259,0.109212481917834,42.523452164727,42.9515650938449,4.13796616867773,4088,0.0647189543800526,43.67364555795,43.9273438591199,23.1727136611184,21.4937895779789,1.67892408313948,1.10747909312639,259,0.0688154024947165,23.0378354722288,23.307591850008,0.7857021678056,4088,0.0122886028260516,21.4697039164399,21.517875239518,-2.7419101623885,FALSE,"D:\dev\Uzbekistan_URBAN_research\suhi_analysis_output\suhi\Qarshi\Qarshi_suhi_2021.json"
"Qarshi",2022,40.9513527652067,42.4123694319128,-1.46101666670607,1.61134614092222,259,0.100124177453178,40.7551093773985,41.147596153015,3.97064999711017,4088,0.0621020824112355,42.2906493503868,42.5340895134388,22.6751588555649,20.6931331444541,1.9820257111108,1.22420243424288,259,0.0760682380103596,22.5260651090646,22.8242526020653,0.894049047589307,4088,0.0139831784905461,20.6657261146127,20.7205401742956,-3.44304237781688,FALSE,"D:\dev\Uzbekistan_URBAN_research\suhi_analysis_output\suhi\Qarshi\Qarshi_suhi_2022.json"
"Qarshi",2023,41.3454017028458,42.8635689138551,-1.51816721100935,1.66376121989294,259,0.103381091988675,41.142774762548,41.5480286431436,4.25089802318176,4088,0.0664852403383635,42.733257842792,42.9938799849183,24.1319375623227,22.3544010798947,1.77753648242793,1.30257122854353,259,0.0809378379479986,23.9732993999446,24.2905757247007,0.878796060995878,4088,0.0137446174914321,22.3274616296115,22.3813405301779,-3.29570369343728,FALSE,"D:\dev\Uzbekistan_URBAN_research\suhi_analysis_output\suhi\Qarshi\Qarshi_suhi_2023.json"
"Qarshi",2024,39.4487787067577,40.7240132855471,-1.27523457878938,1.47409622433523,259,0.0915958825978434,39.2692507768659,39.6283066366495,3.34416738357386,4088,0.0523037181828714,40.6214979979087,40.8265285731855,24.3977738743577,22.9167914318879,1.48098244246975,1.12571049568366,259,0.0699482467288051,24.2606753107692,24.5348724379461,0.939570696024855,4088,0.0146951498717298,22.8879889381393,22.9455939256365,-2.75621702125913,FALSE,"D:\dev\Uzbekistan_URBAN_research\suhi_analysis_output\suhi\Qarshi\Qarshi_suhi_2024.json"
"Samarkand",2016,38.7317910327021,38.5262406449635,0.205550387738619,1.97495332385223,580,0.0820054732340237,38.5710603051634,38.8925217602408,3.24260412669472,4953,0.046074408350812,38.4359348045959,38.6165464853311,19.7073311131934,19.1408592500727,0.566471863120746,1.03653602897237,580,0.0430398159558505,19.62297307392,19.7916891524669,1.35130493503175,4953,0.0192007944696549,19.1032256929122,19.1784928072332,-0.360921475382128,FALSE,"D:\dev\Uzbekistan_URBAN_research\suhi_analysis_output\suhi\Samarkand\Samarkand_suhi_2016.json"
"Samarkand",2017,38.1792588597739,37.9428121243498,0.236446735424082,2.03531728201559,580,0.0845119501697972,38.0136154374411,38.3449022821067,3.43146722435311,4953,0.0487579784518536,37.8472464865841,38.0383777621154,20.0829002487546,19.2956496718493,0.787250576905272,1.01150312252828,580,0.0420003810919586,20.0005795018144,20.1652209956948,1.25051168359263,4953,0.0177686155035022,19.2608231854625,19.3304761582362,-0.550803841481191,FALSE,"D:\dev\Uzbekistan_URBAN_research\suhi_analysis_output\suhi\Samarkand\Samarkand_suhi_2017.json"
"Samarkand",2018,39.710689366923,39.6947998621656,0.0158895047574958,2.12910359313182,580,0.0884062147749771,39.5374131859641,39.883965547882,3.53496168602205,4953,0.0502285391193511,39.5963519254916,39.7932477988395,19.348885323482,18.6763896744853,0.672495648996779,1.11688933310403,580,0.0463763053055739,19.2579877650831,19.439782881881,1.31223117880261,4953,0.0186455924992755,18.6398443131867,18.7129350357838,-0.656606144239284,FALSE,"D:\dev\Uzbekistan_URBAN_research\suhi_analysis_output\suhi\Samarkand\Samarkand_suhi_2018.json"
"Samarkand",2019,39.2467950437848,38.5079434243602,0.738851619424572,1.95311196545124,580,0.0810985601894896,39.0878418658134,39.4057482217562,2.94181201914298,4953,0.0418004304458474,38.4260145806864,38.5898722680341,20.5206327398729,19.5406494177766,0.979983322096359,1.10307680964525,580,0.0458027714862611,20.4308593077599,20.610406171986,1.27709008662965,4953,0.0181462700512032,19.5050827284762,19.5762161070769,-0.241131702671787,FALSE,"D:\dev\Uzbekistan_URBAN_research\suhi_analysis_output\suhi\Samarkand\Samarkand_suhi_2019.json"
"Samarkand",2020,37.9143008244629,37.303428075987,0.610872748475821,1.95599927051611,580,0.081218449006788,37.7551126644096,38.0734889845162,3.21982408738557,4953,0.0457507250418516,37.213756654905,37.3930994970691,19.0114096090711,18.0144566258192,0.99695298325193,1.2819251810221,580,0.0532290458972865,18.9070806791125,19.1157385390298,1.39199924140052,4953,0.0197790229600686,17.9756897408175,18.0532235108209,-0.386080234776109,FALSE,"D:\dev\Uzbekistan_URBAN_research\suhi_analysis_output\suhi\Samarkand\Samarkand_suhi_2020.json"
"Samarkand",2021,39.9799288117084,39.4762827257556,0.50364608595283,2.02698425295055,580,0.0841659399711266,39.814963569365,40.1448940540518,3.68576979453652,4953,0.0523713829889145,39.3736348150973,39.5789306364138,19.7564680899831,18.8957943186168,0.860673771366297,1.01422847486467,580,0.0421135451882315,19.6739255414142,19.8390106385521,1.22885621602607,4953,0.0174609113198569,18.8615709324299,18.9300177048037,-0.357027685413467,FALSE,"D:\dev\Uzbekistan_URBAN_research\suhi_analysis_output\suhi\Samarkand\Samarkand_suhi_2021.json"
"Samarkand",2022,38.0249361260356,37.441099277322,0.583836848713617,2.0031782487624,580,0.0831774494505239,37.8619083251126,38.1879639269586,3.29511276407352,4953,0.046820507567987,37.3493310824887,37.5328674721553,19.7780632200568,18.7723663061482,1.00569691390863,1.18927729880804,580,0.0493820519793365,19.6812743981773,19.8748520419363,1.28984223448015,4953,0.0183274662886893,18.7364444722223,18.808288140074,-0.421860065195013,FALSE,"D:\dev\Uzbekistan_URBAN_research\suhi_analysis_output\suhi\Samarkand\Samarkand_suhi_2022.json"
"Samarkand",2023,39.4542340180263,38.7150574204316,0.739176597594707,2.05300598460678,580,0.0852464335671351,39.2871510082347,39.6213170278178,3.45305138274252,4953,0.0490646693979839,38.6188906684115,38.8112241724516,20.8576455281484,19.7245518078068,1.13309372034161,1.17252952002429,580,0.0486866383165463,20.7622197170479,20.9530713392488,1.33717217640513,4953,0.0189999810287771,19.6873118449904,19.7617917706232,-0.393917122746902,FALSE,"D:\dev\Uzbekistan_URBAN_research\suhi_analysis_output\suhi\Samarkand\Samarkand_suhi_2023.json"
"Samarkand",2024,37.133255785734,36.1833888932117,0.949866892522301,1.74749864720976,580,0.0725609318506481,36.9910363593067,37.2754752121613,2.92448894966986,4953,0.0415542856358093,36.1019424933655,36.2648352930579,21.3954981495089,20.0295556665359,1.36594248297298,1.15710053638792,580,0.0480459846416772,21.3013280196112,21.4896682794066,1.27861504467684,4953,0.0181679382959345,19.9939465074759,20.0651648255959,-0.416075590450678,FALSE,"D:\dev\Uzbekistan_URBAN_research\suhi_analysis_output\suhi\Samarkand\Samarkand_suhi_2024.json"
"Tashkent",2016,39.7019184142512,40.4546745321624,-0.752756117911197,1.66357538648112,929,0.0545801379640843,39.5949413438416,39.8088954846608,4.24343701221395,5694,0.05623530159853,40.3444533410293,40.5648957232955,21.7941097210881,20.1376535455459,1.65645617554222,1.22821823857672,929,0.0402965332718228,21.7151285158753,21.8730909263009,0.826314364961386,5694,0.0109505661083343,20.1161904359735,20.1591166551182,-2.40921229345342,FALSE,"D:\dev\Uzbekistan_URBAN_research\suhi_analysis_output\suhi\Tashkent\Tashkent_suhi_2016.json"
"Tashkent",2017,39.2935943274711,40.3195686950785,-1.02597436760743,1.55806790118629,929,0.0511185496582989,39.1934019701408,39.3937866848013,4.59748593377969,5694,0.0609272642287225,40.2001512571902,40.4389861329668,21.8722944781661,20.4279647287929,1.44432974937319,1.28210648037693,929,0.0420645491345238,21.7898479618624,21.9547409944698,0.978457356930261,5694,0.0129668107267523,20.4025497797685,20.4533796778173,-2.47030411698061,FALSE,"D:\dev\Uzbekistan_URBAN_research\suhi_analysis_output\suhi\Tashkent\Tashkent_suhi_2017.json"
"Tashkent",2018,40.3757872338635,41.6599852737604,-1.28419803989688,1.67445883487048,929,0.0549372123229883,40.2681102977105,40.4834641700166,4.8758782505267,5694,0.0646166028120266,41.5333367322488,41.786633815272,21.3332045831475,19.6131944553707,1.7200101277768,1.46993592959215,929,0.0482270334650776,21.2386795975559,21.427729568739,0.970435404846362,5694,0.0128605014087282,19.5879878726095,19.6384010381318,-3.00420816767368,FALSE,"D:\dev\Uzbekistan_URBAN_research\suhi_analysis_output\suhi\Tashkent\Tashkent_suhi_2018.json"
"Tashkent",2019,40.283109956812,40.4658777501289,-0.182767793316899,1.60509977707856,929,0.0526616154524735,40.1798931905251,40.3863267230988,4.1177652586642,5694,0.0545698617810084,40.3589208210381,40.5728346792196,22.0290360573483,20.0545509325009,1.97448512484743,1.58464946295006,929,0.0519906624102413,21.9271343590242,22.1309377556724,1.02163592683772,5694,0.0135390261017774,20.0280144413414,20.0810874236603,-2.15725291816433,FALSE,"D:\dev\Uzbekistan_URBAN_research\suhi_analysis_output\suhi\Tashkent\Tashkent_suhi_2019.json"
"Tashkent",2020,40.392023858633,40.8922608228201,-0.500236964187103,1.56834618509847,929,0.0514557692147553,40.2911705509721,40.4928771662939,4.55673172947737,5694,0.0603871772747387,40.7739019553616,41.0106196902786,20.9222336529638,18.4673478484094,2.45488580455443,1.7050985524183,929,0.0559424688472978,20.8125864140231,21.0318808919045,1.11134755722454,5694,0.0147279115682467,18.4384811417357,18.4962145550832,-2.95512276874153,FALSE,"D:\dev\Uzbekistan_URBAN_research\suhi_analysis_output\suhi\Tashkent\Tashkent_suhi_2020.json"
"Tashkent",2021,41.0251512842746,41.8626780225711,-0.837526738296511,1.7003452678025,929,0.0557865186377542,40.9158097077446,41.1344928608046,4.83730318529911,5694,0.0641053944634609,41.7370314494228,41.9883245957195,22.0360979685645,20.3119085247952,1.72418944376934,1.45043641612475,929,0.0475872751806425,21.9428269092105,22.1293690279186,1.0746649313221,5694,0.0142417823939211,20.2839946313031,20.3398224182873,-2.56171618206585,FALSE,"D:\dev\Uzbekistan_URBAN_research\suhi_analysis_output\suhi\Tashkent\Tashkent_suhi_2021.json"
"Tashkent",2022,40.3854980089744,40.7267637328741,-0.34126572389976,1.75604624090498,929,0.0576140082852767,40.2725745527352,40.4984214652135,4.44675310101973,5694,0.0589297074636148,40.6112615062454,40.8422659595028,22.0220110621891,20.0222218610821,1.99978920110705,1.61745888906525,929,0.0530671047635254,21.9179995368526,22.1260225875256,1.10469829630828,5694,0.0146397935657979,19.9935278656931,20.050915856471,-2.34105492500681,FALSE,"D:\dev\Uzbekistan_URBAN_research\suhi_analysis_output\suhi\Tashkent\Tashkent_suhi_2022.json"
"Tashkent",2023,40.5686269078909,40.2415353105417,0.327091597349209,1.91562141359038,929,0.0628494998726069,40.4454418881406,40.6918119276412,4.16174204390887,5694,0.0551526553453878,40.1334361060647,40.3496345150186,22.7838672200568,20.6370537031593,2.14681351689742,1.62042778623086,929,0.0531645111198692,22.6796647782618,22.8880696618517,1.09255135185883,5694,0.014478818610202,20.6086752186833,20.6654321876353,-1.81972191954821,FALSE,"D:\dev\Uzbekistan_URBAN_research\suhi_analysis_output\suhi\Tashkent\Tashkent_suhi_2023.json"
"Tashkent",2024,39.3923337514628,38.5267046415947,0.86562910986806,1.87504838597739,929,0.0615183420166219,39.2717578011102,39.5129097018153,3.56505362876886,5694,0.047245161281221,38.4341041254835,38.6193051577059,23.2546158541206,21.2946776030043,1.95993825111628,1.50315826890328,929,0.0493170230608762,23.1579544889212,23.3512772193199,1.1678463450836,5694,0.0154766504716545,21.2643433680798,21.3250118379287,-1.09430914124822,FALSE,"D:\dev\Uzbekistan_URBAN_research\suhi_analysis_output\suhi\Tashkent\Tashkent_suhi_2024.json"
"Termez",2016,39.0568265323732,48.996537149657,-9.93971061728379,4.64550863661322,251,0.293221905097277,38.4821115983826,39.6315414663639,6.60232028919202,4010,0.104261604126503,48.7921844055691,49.200889893745,23.4149834486437,25.0515151565731,-1.63653170792935,1.07506170839761,251,0.0678572933325333,23.281983153712,23.5479837435755,1.74814565768801,4010,0.0276061236858955,24.9974071541487,25.1056231589974,-8.30317890935444,FALSE,"D:\dev\Uzbekistan_URBAN_research\suhi_analysis_output\suhi\Termez\Termez_suhi_2016.json"
"Termez",2017,37.4505228973502,47.8836065123092,-10.433083614959,4.53812853181337,251,0.286444132981905,36.8890923967057,38.0119533979948,6.72553745149643,4010,0.10620740778871,47.6754399930434,48.0917730315751,23.5244845546823,25.0929934256388,-1.56850887095658,1.09817001620227,251,0.0693158767876697,23.3886254361784,23.6603436731861,1.63297842898713,4010,0.0257874418466012,25.0424500396195,25.1435368116582,-8.86457474400241,FALSE,"D:\dev\Uzbekistan_URBAN_research\suhi_analysis_output\suhi\Termez\Termez_suhi_2017.json"
"Termez",2018,39.1290368836385,48.6237528743194,-9.49471599068091,4.63309293218355,251,0.292438232782624,38.5558579473846,39.7022158198925,6.56492012242567,4010,0.103670993369851,48.4205577273145,48.8269480213243,23.2099645440141,24.5214326039614,-1.31146805994733,1.02134352892895,251,0.0644666319100115,23.0836099454705,23.3363191425577,1.76328111113891,4010,0.0278451376365753,24.4668561341937,24.5760090737291,-8.18324793073358,FALSE,"D:\dev\Uzbekistan_URBAN_research\suhi_analysis_output\suhi\Termez\Termez_suhi_2018.json"
"Termez",2019,39.5544329395523,49.7859278626848,-10.2314949231325,4.72089939693829,251,0.297980527693524,38.970391105273,40.1384747738316,7.08192487527609,4010,0.111835357186228,49.5667305625998,50.0051251627698,23.5430496854458,25.3022245415325,-1.75917485608673,1.11522887012971,251,0.0703926220998963,23.40508014613,23.6810192247616,1.43182701188637,4010,0.0226109268487487,25.257907124909,25.3465419581561,-8.47232006704574,FALSE,"D:\dev\Uzbekistan_URBAN_research\suhi_analysis_output\suhi\Termez\Termez_suhi_2019.json"
"Termez",2020,39.887920490736,50.1506637198553,-10.2627432291193,4.57971017114214,251,0.2890687427835,39.3213457548803,40.4544952265916,7.31038212006416,4010,0.115443076559509,49.9243952897986,50.3769321499119,22.873270579376,24.2445593528535,-1.37128877347752,1.21540755189944,251,0.076715844424173,22.7229075243046,23.0236336344473,1.62345034076965,4010,0.0256369775070509,24.1943108769397,24.2948078287673,-8.89145445564179,FALSE,"D:\dev\Uzbekistan_URBAN_research\suhi_analysis_output\suhi\Termez\Termez_suhi_2020.json"
"Termez",2021,39.3337625704021,49.0648112031199,-9.73104863271779,4.74105898183102,251,0.299252989408831,38.7472267111608,39.9202984296434,6.67543511610637,4010,0.105416208690598,48.8581954340863,49.2714269721535,23.1545333458841,24.8620172272611,-1.70748388137701,1.27828065948837,251,0.0806843597857229,22.9963920007041,23.3126746910641,1.75258631724972,4010,0.0276762490765163,24.8077717790712,24.9162626754511,-8.02356475134077,FALSE,"D:\dev\Uzbekistan_URBAN_research\suhi_analysis_output\suhi\Termez\Termez_suhi_2021.json"
"Termez",2022,38.5318945419746,47.7175475158619,-9.18565297388727,4.61974799891354,251,0.29159590806365,37.9603665621698,39.1034225217793,6.41538665009656,4010,0.101309611459742,47.5189806774008,47.9161143543229,22.9810035926641,24.508917792994,-1.52791420032988,1.26892711977535,251,0.0800939695941217,22.8240194122596,23.1379877730686,1.55356731148731,4010,0.0245334083957304,24.4608323125383,24.5570032734496,-7.65773877355739,FALSE,"D:\dev\Uzbekistan_URBAN_research\suhi_analysis_output\suhi\Termez\Termez_suhi_2022.json"
"Termez",2023,37.2692442854678,46.7645433980493,-9.49529911258157,4.78666355957566,251,0.302131524831637,36.6770664967978,37.8614220741378,6.42175678694526,4010,0.101410206501676,46.5657793933061,46.9633074027926,23.8601777505844,25.6006359535868,-1.7404582030024,1.18805094711303,251,0.074989110841279,23.7131990933355,24.0071564078333,1.79144417138796,4010,0.0282898791380568,25.5451877904762,25.6560841166974,-7.75484090957917,FALSE,"D:\dev\Uzbekistan_URBAN_research\suhi_analysis_output\suhi\Termez\Termez_suhi_2023.json"
"Termez",2024,36.9575216893365,45.9907179465528,-9.03319625721623,4.09864748788954,251,0.258704335462675,36.4504611918297,37.4645821868434,6.22682436383887,4010,0.0983318997490321,45.7979874230447,46.1834484700609,24.8312428421268,26.6659059481474,-1.83466310602069,1.24964810525935,251,0.0788770889881479,24.67664374771,24.9858419365435,1.69530911823234,4010,0.0267717469639482,26.6134333240981,26.7183785721968,-7.19853315119554,FALSE,"D:\dev\Uzbekistan_URBAN_research\suhi_analysis_output\suhi\Termez\Termez_suhi_2024.json"
"Urgench",2016,36.2739143808796,36.3444984664216,-0.0705840855419311,2.3235911143441,417,0.113786746420892,36.0508923578947,36.4969364038646,3.21688683983081,4676,0.047043381641428,36.2522934384044,36.4367034944388,21.9370686255084,21.9505948553459,-0.0135262298375451,0.947499693626379,417,0.0463992596231678,21.8461260766469,22.0280111743698,0.708558137954629,4676,0.0103618723811536,21.9302855854788,21.970904125213,-0.0570578557043859,FALSE,"D:\dev\Uzbekistan_URBAN_research\suhi_analysis_output\suhi\Urgench\Urgench_suhi_2016.json"
"Urgench",2017,36.8698202507997,36.8742031233057,-0.00438287250594271,2.12285816911531,417,0.103956811801128,36.6660648996695,37.0735756019299,3.29585013658254,4676,0.048198131773998,36.7797347850286,36.9686714615827,20.6850306186958,20.6954101576783,-0.0103795389824306,1.15450855741446,417,0.0565365272970375,20.5742190251936,20.795842212198,0.978272724113716,4676,0.0143061473409806,20.6673701088899,20.7234502064666,0.00599666647648789,TRUE,"D:\dev\Uzbekistan_URBAN_research\suhi_analysis_output\suhi\Urgench\Urgench_suhi_2017.json"
"Urgench",2018,38.2574316151009,38.4440984079193,-0.186666792818478,2.3381386735351,417,0.114499143459464,38.0330132939203,38.4818499362814,3.28594904324663,4676,0.0480533393284878,38.3499138628355,38.5382829530032,21.1566545890302,21.0411335285084,0.115521060521736,0.991463793167198,417,0.0485521908403653,21.061492294983,21.2518168830773,0.715350736651175,4676,0.0104612065600442,21.0206295636507,21.0616374933661,-0.302187853340214,FALSE,"D:\dev\Uzbekistan_URBAN_research\suhi_analysis_output\suhi\Urgench\Urgench_suhi_2018.json"
"Urgench",2019,37.2491568299979,37.0820734453445,0.16708338465336,2.32326119088213,417,0.113770589999449,37.0261664735989,37.4721471863968,3.16875190902517,4676,0.04633946197222,36.991248099879,37.1728987908101,20.801419027939,20.9107992764568,-0.109380248517823,1.05939566764574,417,0.0518788290459723,20.6997365230089,20.9031015328691,0.949153495166907,4676,0.0138803110997154,20.8835938667014,20.9380046862122,0.276463633171183,TRUE,"D:\dev\Uzbekistan_URBAN_research\suhi_analysis_output\suhi\Urgench\Urgench_suhi_2019.json"
"Urgench",2020,37.3991190873836,37.696662480741,-0.297543393357351,3.00533769486172,417,0.147172020104281,37.1106619279792,37.687576246788,3.69842316340426,4676,0.0540853132268324,37.5906552668164,37.8026696946656,21.0673561298724,20.8031771428284,0.264178987043941,1.0706072178087,417,0.0524278610195852,20.964597522274,21.1701147374707,0.828587385851079,4676,0.0121171662407359,20.7794274969966,20.8269267886603,-0.561722380401292,FALSE,"D:\dev\Uzbekistan_URBAN_research\suhi_analysis_output\suhi\Urgench\Urgench_suhi_2020.json"
"Urgench",2021,37.5370198431795,37.9964571350279,-0.45943729184841,3.29596204364109,417,0.161403955694907,37.2206680900174,37.8533715963415,3.95769525760024,4676,0.0578768783901489,37.8830184533832,38.1098958166726,21.7583281909021,21.5442561954642,0.21407199543798,1.06036375675176,417,0.0519262365734584,21.6565527672182,21.8601036145861,0.777757532414476,4676,0.0113738363341975,21.5219634762491,21.5665489146792,-0.673509287286389,FALSE,"D:\dev\Uzbekistan_URBAN_research\suhi_analysis_output\suhi\Urgench\Urgench_suhi_2021.json"
"Urgench",2022,36.7321813343901,37.2630745204047,-0.530893186014517,2.98431367263168,417,0.146142469306179,36.44574209455,37.0186205742303,3.68401073071387,4676,0.0538745474755972,37.1574804073525,37.3686686334568,20.3247456619583,20.1133725280554,0.211373133902914,1.21525871131585,417,0.0595114751328832,20.2081031706979,20.4413881532187,0.935473438889486,4676,0.0136802555365646,20.0865592272037,20.1401858289071,-0.74226631991743,FALSE,"D:\dev\Uzbekistan_URBAN_research\suhi_analysis_output\suhi\Urgench\Urgench_suhi_2022.json"
"Urgench",2023,35.9550696823016,36.45459469228,-0.499525009978349,2.79522880147288,417,0.136882943327725,35.6867791133793,36.2233602512239,3.60987265599514,4676,0.0527903608327939,36.3511255850477,36.5580637995122,21.8836608448685,21.6374100383205,0.246250806547938,1.15306322109788,417,0.0564657488731005,21.7729879770772,21.9943337126597,0.798142476187457,4676,0.0116719433977652,21.6145330292609,21.6602870473801,-0.745775816526287,FALSE,"D:\dev\Uzbekistan_URBAN_research\suhi_analysis_output\suhi\Urgench\Urgench_suhi_2023.json"
"Urgench",2024,34.4770230513017,35.1162013732863,-0.639178321984609,2.63119184340963,417,0.128850018930841,34.2244770141972,34.7295690884061,3.48372052171627,4676,0.0509455265898606,35.0163481411701,35.2160546054024,22.672712278616,22.5480108111198,0.124701467496234,1.04616528292331,417,0.0512309343186389,22.5722996473515,22.7731249098805,0.653413718807226,4676,0.00955544676393085,22.5292821354625,22.5667394867771,-0.763879789480843,FALSE,"D:\dev\Uzbekistan_URBAN_research\suhi_analysis_output\suhi\Urgench\Urgench_suhi_2024.json"
