city,ensemble_gdp_billion,gdp_per_capita_usd,confidence_score,cagr_2017_2024,gdp_formatted,gdp_pc_formatted,cagr_formatted
Tashkent,34.142,11227.878,0.719,13.227063390615257,$34.14B,"$11,228",13.2%
Navoi,2.088,12947.063,0.646,17.131253683407465,$2.09B,"$12,947",17.1%
Namangan,1.631,2341.546,0.856,7.532246689049771,$1.63B,"$2,342",7.5%
Samarkand,1.587,2712.021,0.729,3.8752704486668677,$1.59B,"$2,712",3.9%
Andijan,1.337,2780.423,0.843,7.457570423163662,$1.34B,"$2,780",7.5%
Bukhara,1.139,3868.808,0.703,6.230716900292932,$1.14B,"$3,869",6.2%
Nukus,0.867,2555.474,0.799,6.8621726563268926,$0.87B,"$2,555",6.9%
Fergana,0.763,2370.497,0.813,7.0671920883586425,$0.76B,"$2,370",7.1%
Qarshi,0.756,2557.127,0.721,3.086646114610514,$0.76B,"$2,557",3.1%
Jizzakh,0.638,3259.989,0.615,7.015298390425984,$0.64B,"$3,260",7.0%
Termiz,0.439,2179.034,0.696,8.276667756629696,$0.44B,"$2,179",8.3%
Urgench,0.421,2748.011,0.766,6.623632817049763,$0.42B,"$2,748",6.6%
Gulistan,0.302,3044.412,0.801,5.980344065897847,$0.30B,"$3,044",6.0%
Nurafshon,0.286,5095.226,0.773,0.0,$0.29B,"$5,095",0.0%
