,period,from_period,to_period,built_change,green_change,water_change,ndvi_change,ndbi_change,ndwi_change,eui_change,connectivity_change,lights_change,impervious_change,built_current,built_next,city,transition
0,period_2016_to_period_2017,period_2016,period_2017,-0.0030813933844161534,-0.008171872652801296,0.0003866076802013507,-0.02033730262527028,-0.0036823709399621124,0.01419572156568727,0.00153098728095305,-0.00789247257183373,0.9557093023061753,-0.0022546854639950986,0.5331504101421451,0.530069016757729,Tashkent,period_2016_to_period_2017
1,period_2016_to_period_2017,period_2016,period_2017,0.0023640525932913103,-0.005075992562564191,0.001709787569068963,0.009758903039925299,-0.032611531096115746,-0.011242566864339776,-0.03443958896525738,-0.005140695655982547,0.31829792145639657,-0.0030073008380168686,0.21979133555656336,0.22215538814985467,Nukus,period_2016_to_period_2017
2,period_2016_to_period_2017,period_2016,period_2017,-0.0021877592656528444,-0.011344004944199695,0.001826984890736641,0.03735466683664257,-0.036297432819021244,-0.030476520595084378,-0.051852134244801895,-0.011358290887122716,-0.07291699793934825,-0.008483434196142448,0.3078693703773897,0.30568161111173686,Andijan,period_2016_to_period_2017
3,period_2016_to_period_2017,period_2016,period_2017,0.005374739181941091,-0.01582578431266242,-0.0031660983025383477,0.0015554955716793328,0.02306521834394995,0.0012401721194549298,0.0266606748929617,-0.015807133571530893,0.24265231855481728,0.003902159886945089,0.30619926242379786,0.31157400160573895,Bukhara,period_2016_to_period_2017
4,period_2016_to_period_2017,period_2016,period_2017,0.009718304929323518,-0.004193772707832971,0.0008613596878712937,-0.007030749491382882,-0.012680487607882436,0.0033032540855563175,-0.015960145515039798,-0.004323679965920743,0.14110298833251012,0.00886726565085122,0.3844613849306479,0.3941796898599714,Jizzakh,period_2016_to_period_2017
5,period_2016_to_period_2017,period_2016,period_2017,0.011047604027240643,-0.004859475813520087,0.001188864244348442,0.01150464678321994,-0.008803237522077692,-0.008860457053409099,-0.006885567105873375,-0.004540468721805163,-0.4129201931059363,0.006764676410986437,0.37831358691512273,0.3893611909423634,Qarshi,period_2016_to_period_2017
6,period_2016_to_period_2017,period_2016,period_2017,0.0012386391181223866,-0.007588293157776413,-0.0009812225274986458,0.013688725433090493,0.0029951301743520453,-0.014645422713031209,-0.013441920054326845,-0.007162168761847887,0.36327602687267335,-0.005786242774377226,0.23633623414728894,0.23757487326541132,Navoiy,period_2016_to_period_2017
7,period_2016_to_period_2017,period_2016,period_2017,-0.004070459087999467,-0.012487776509386081,0.0012405944251716802,0.03186599072696783,-0.029880294009862862,-0.027557492041828835,-0.036035511641786394,-0.012363571770471968,-0.19317724782228485,-0.006887277671738856,0.3143134973871056,0.31024303829910616,Namangan,period_2016_to_period_2017
8,period_2016_to_period_2017,period_2016,period_2017,0.015772189393452485,-0.014922984819255261,0.004237894844043688,-0.013067425770378893,0.0218284382230384,0.01334164129466342,0.024960797868182005,-0.014737101179232173,0.19203364315187166,0.0180179310975363,0.38268773681695156,0.39845992621040405,Samarkand,period_2016_to_period_2017
9,period_2016_to_period_2017,period_2016,period_2017,0.007505676129144573,-0.0008458627183254019,0.001168908125351864,0.004704251243552504,-0.012224649714323188,-0.0015236064488396983,-0.01739672626480976,-0.0009112713375340337,0.23417209019806817,0.005122664815192246,0.2211828845970929,0.22868856072623747,Termez,period_2016_to_period_2017
10,period_2016_to_period_2017,period_2016,period_2017,-0.0031114740511402617,-0.014393503170693295,0.0032281050254823612,0.011781337625051624,-0.023050455994273952,-0.01121875111237941,-0.02746492813295673,-0.013950922777505537,0.08172108753025542,-0.003069771266472565,0.24668918638513423,0.24357771233399397,Gulistan,period_2016_to_period_2017
11,period_2016_to_period_2017,period_2016,period_2017,-0.00986733260678277,-0.02230884300912689,-0.00588829539944169,-0.013841373798683165,-0.02302299460267293,-0.0020996018587456367,-0.024444716379165177,-0.023209891493774754,0.17069104998040152,-0.008021893981109224,0.19120255712952614,0.18133522452274337,Nurafshon,period_2016_to_period_2017
12,period_2016_to_period_2017,period_2016,period_2017,0.001577569299959558,-0.004519893538206823,-0.0004685946677345787,0.034486078935465014,-0.031202990069807417,-0.032460607234595706,-0.046514343506191796,-0.0042973831194973305,0.03537893292307848,-0.007829373015579788,0.2575843404827174,0.25916190978267695,Fergana,period_2016_to_period_2017
13,period_2016_to_period_2017,period_2016,period_2017,0.0017345636938374542,-0.00838191161695992,-0.0006539882358759311,-0.011075562991574472,-0.0005840890830929313,0.00961763885871092,-0.0024095486376115582,-0.00832374654258089,0.03845306368172152,0.00034937234842180587,0.26912791920549717,0.2708624828993346,Urgench,period_2016_to_period_2017
14,period_2017_to_period_2018,period_2017,period_2018,0.0062920957711188885,3.7119324289749955e-05,-0.0010710487683898151,-0.028630971711859188,0.022921918170732455,0.02255884944153519,0.04088958301007978,5.180168088136927e-05,1.3730120002031327,0.006901236608262584,0.530069016757729,0.5363611125288479,Tashkent,period_2017_to_period_2018
15,period_2017_to_period_2018,period_2017,period_2018,0.004752051916932787,-0.00012734978414193077,-0.008324424460392568,-0.006808612332546787,0.02703049047425831,0.0061911886913008085,0.02725373002403593,3.201411993211667e-06,0.38914995777606975,0.006988573711563528,0.22215538814985467,0.22690744006678745,Nukus,period_2017_to_period_2018
16,period_2017_to_period_2018,period_2017,period_2018,0.009442759204847218,-0.00047795099289860143,7.049920695070822e-05,-0.01808441821733109,0.007882409098569187,0.011598707114744422,0.01995515151042776,-0.00031818364154355405,0.15035312920808863,0.013143332649171946,0.30568161111173686,0.3151243703165841,Andijan,period_2017_to_period_2018
17,period_2017_to_period_2018,period_2017,period_2018,-0.005895577824908682,0.006600663455921155,2.2224112019998687e-05,-0.02225231449184467,0.009847616030337764,0.017437739896089155,0.01350214629188251,0.005498934095513011,0.29728653572231645,-0.0035158759736157452,0.31157400160573895,0.30567842378083027,Bukhara,period_2017_to_period_2018
18,period_2017_to_period_2018,period_2017,period_2018,-0.0009534921934303275,-0.000403164844167081,-0.0006225540539319049,-0.024267229881601904,0.017727868214542045,0.02130856861634578,0.029413075678367845,-0.00017980560655450617,-0.22951563084125537,0.004660390931044478,0.3941796898599714,0.3932261976665411,Jizzakh,period_2017_to_period_2018
19,period_2017_to_period_2018,period_2017,period_2018,0.008601603806237756,-0.003055637725997526,0.0009607822264403945,-0.03019239640215432,0.02525950098099769,0.030119433446082533,0.043057949887752384,-0.0025277013438646523,0.43208259136878,0.014621231657082456,0.3893611909423634,0.39796279474860113,Qarshi,period_2017_to_period_2018
20,period_2017_to_period_2018,period_2017,period_2018,0.00025268835986741456,-0.005196364693434305,0.0007785522547881785,-0.028277419954614053,0.009852609348764488,0.0247830881191502,0.021576368274487917,-0.004777426936751178,0.23503697347640973,0.014064775595045098,0.23757487326541132,0.23782756162527874,Navoiy,period_2017_to_period_2018
21,period_2017_to_period_2018,period_2017,period_2018,0.00910667030898743,-0.0009302390649495035,-0.001927723377479089,-0.01706478946817369,0.013961246172484107,0.013250190101830261,0.02087851341897462,-0.000796462138557899,-0.14325718104839336,0.012028088796059266,0.31024303829910616,0.3193497086080936,Namangan,period_2017_to_period_2018
22,period_2017_to_period_2018,period_2017,period_2018,-0.004034940843310519,0.0055225612109756905,-0.001446661048120551,-0.001953877204098231,0.005711844223821344,0.0042387731619799585,0.014048615688770721,0.004286263816815905,0.30849574444139716,-0.0021710906978563704,0.39845992621040405,0.39442498536709353,Samarkand,period_2017_to_period_2018
23,period_2017_to_period_2018,period_2017,period_2018,-0.002903985806740811,-0.006307522570830781,0.0025116871752543374,-0.011845883828376508,0.01939068092874907,0.007559887142569832,0.029533346480862643,-0.006886350310237974,0.19402456191182127,0.004698582827427911,0.22868856072623747,0.22578457491949666,Termez,period_2017_to_period_2018
24,period_2017_to_period_2018,period_2017,period_2018,0.004393341540308265,0.0059504812240388505,0.0007751142993048937,-0.002338348703505966,-0.0008504866858572019,0.003737444913126553,-0.009283334723082959,0.006320895103728255,0.153830496817827,0.0052212701194476185,0.24357771233399397,0.24797105387430224,Gulistan,period_2017_to_period_2018
25,period_2017_to_period_2018,period_2017,period_2018,-0.0006831930984980694,0.004977772183232809,-0.0016204655060577389,-0.011303690653406417,0.032955077095699434,0.0092251983141452,0.03889631609487873,0.005067585352474424,-0.18657432478666292,-0.000996239616037231,0.18133522452274337,0.1806520314242453,Nurafshon,period_2017_to_period_2018
26,period_2017_to_period_2018,period_2017,period_2018,-0.0015369611582400355,-0.0020711920740276724,-0.0007920618143598263,0.0010491700957529493,0.002032901493703179,0.0014675562602450842,0.0010130852102857857,-0.0023773017066280183,0.12104504230618485,0.004672069668514689,0.25916190978267695,0.2576249486244369,Fergana,period_2017_to_period_2018
27,period_2017_to_period_2018,period_2017,period_2018,0.006712464777247795,0.0031555871099853694,-0.001129310962782737,-0.0032943394346985344,-0.000899236691122976,0.002670495729447442,0.009228123380386671,0.003266999834220574,0.585810664564371,0.00924286453649903,0.2708624828993346,0.2775749476765824,Urgench,period_2017_to_period_2018
28,period_2018_to_period_2019,period_2018,period_2019,0.008888620552042537,0.00033310603529485006,0.0003127289485977264,0.015213030040057252,-0.004385069802747735,-0.011247691432588858,-0.01775020921923043,0.00022801819106142707,2.688445083737374,0.009123210266892334,0.5363611125288479,0.5452497330808904,Tashkent,period_2018_to_period_2019
29,period_2018_to_period_2019,period_2018,period_2019,0.010036516819637686,0.0007503618697464326,0.004407695225777872,-0.005452027440012247,0.008197017553573868,0.002409945012143644,0.010711569533020493,0.0005867170413794282,0.4981999687552452,0.006503220269526877,0.22690744006678745,0.23694395688642514,Nukus,period_2018_to_period_2019
30,period_2018_to_period_2019,period_2018,period_2019,0.004202940754312989,0.0045979640955462475,-0.0007993981334599096,-0.008545144324508869,0.009358617242884948,0.010474178247666055,0.015144643886114473,0.003504887947346061,0.2932850032448764,0.005634082698888876,0.3151243703165841,0.31932731107089707,Andijan,period_2018_to_period_2019
31,period_2018_to_period_2019,period_2018,period_2019,0.005395121126881786,0.0010648387504372664,-0.0008854419581576997,0.04945697683898859,-0.020191948903804297,-0.03827860140895628,-0.031113125554364407,0.0005465075845053347,1.1297649966478351,0.002175615253349805,0.30567842378083027,0.31107354490771205,Bukhara,period_2018_to_period_2019
32,period_2018_to_period_2019,period_2018,period_2019,0.012727212914008912,0.0069487019471029116,-0.0012679047441499988,0.02599081127749281,-0.011190915734894377,-0.025045573182501557,-0.02235651227738203,0.006772988916580874,-0.2641650006771088,0.0036679601875474477,0.3932261976665411,0.40595341058055,Jizzakh,period_2018_to_period_2019
33,period_2018_to_period_2019,period_2018,period_2019,0.017890250414019426,0.010372924845050452,-0.001943844776036631,0.047068982555159455,-0.029067346027499052,-0.04001081357766961,-0.04899798445729661,0.009659801808447707,-0.16028682102166147,0.008599555111495516,0.39796279474860113,0.41585304516262056,Qarshi,period_2018_to_period_2019
34,period_2018_to_period_2019,period_2018,period_2019,0.011541905460549062,0.009662781684016755,-0.0010272233435167644,0.0372844217004403,-0.02178535502906817,-0.030103971297682997,-0.03054580242695004,0.009138343703305907,1.2744800227582456,-0.003954836668445205,0.23782756162527874,0.2493694670858278,Navoiy,period_2018_to_period_2019
35,period_2018_to_period_2019,period_2018,period_2019,0.011910147929994341,0.002690309903885607,0.0010013600061154204,-0.011534839510758121,0.007424083662094891,0.01595617545253397,0.016847028889976967,0.0026436748564367257,0.22371000272035602,0.01166675252631827,0.3193497086080936,0.3312598565380879,Namangan,period_2018_to_period_2019
36,period_2018_to_period_2019,period_2018,period_2019,0.008641046144020614,0.008386963317278479,-0.0005567885213957624,0.0348196964605742,-0.013478907048708869,-0.030713082281467907,-0.025014454593523167,0.00869110164346995,0.7335499926805502,0.002390590845994578,0.39442498536709353,0.40306603151111414,Samarkand,period_2018_to_period_2019
37,period_2018_to_period_2019,period_2018,period_2019,0.011739641421025543,0.012734588115615494,-0.0009972671997819094,0.013515622185602177,-0.013718037775291791,-0.010429676623514683,-0.02013766925344418,0.013905209275460476,0.9019057349756943,0.007410132381206913,0.22578457491949666,0.2375242163405222,Termez,period_2018_to_period_2019
38,period_2018_to_period_2019,period_2018,period_2019,0.007465829545982017,-0.001895687407570762,0.0003195593760444773,-0.00777382944581223,0.01720971625142595,0.006669563585200655,0.016023955754036867,-0.0016282429450844987,0.8431150144934656,0.006273048056184782,0.24797105387430224,0.25543688342028426,Gulistan,period_2018_to_period_2019
39,period_2018_to_period_2019,period_2018,period_2019,0.0076641487384466744,0.004992848403704606,-0.004017841156714733,0.005107094274593216,0.005751926258721646,-0.008189294789016421,-0.006894793753986023,0.004042368533955024,0.4219073506160651,0.007260977037900823,0.1806520314242453,0.18831618016269197,Nurafshon,period_2018_to_period_2019
40,period_2018_to_period_2019,period_2018,period_2019,0.004941688829334545,-0.003955590688596841,0.0009193624788072993,-0.036294079542943336,0.020719936309175915,0.027903580696766794,0.03395389048423844,-0.003399913752060113,0.5849749961793425,0.006455716069555362,0.2576249486244369,0.26256663745377146,Fergana,period_2018_to_period_2019
41,period_2018_to_period_2019,period_2018,period_2019,0.002566729816524671,0.001914517332885446,0.00024717338188073174,0.03927598226165929,-0.03341822056571235,-0.03530434474779187,-0.04321143964528151,0.0020167696539096364,0.5389999976158144,-3.988377819008626e-05,0.2775749476765824,0.2801416774931071,Urgench,period_2018_to_period_2019
42,period_2019_to_period_2020,period_2019,period_2020,0.007740069247579973,-0.002281316006936804,0.00029767577557369973,-0.003180985814949633,0.005287061238148781,0.0012175899817257196,0.011991558917158501,-0.0018136542224975044,0.0128949388265589,0.007461303064569824,0.5452497330808904,0.5529898023284704,Tashkent,period_2019_to_period_2020
43,period_2019_to_period_2020,period_2019,period_2020,-0.004015196329149873,-0.007156329266922487,-0.006344070658853132,0.012302182659834876,-0.015111617706493814,-0.009202695604173972,-0.01616673018236385,-0.006734767773856579,0.39325503715872756,0.0035334781942118476,0.23694395688642514,0.23292876055727527,Nukus,period_2019_to_period_2020
44,period_2019_to_period_2020,period_2019,period_2020,-0.0018065301611685514,-0.006129233256009087,0.0016983774094463389,0.00295281071707032,-0.018129582438606406,-0.003423358293751455,-0.026167439450028418,-0.005384102002060978,0.7773149966001514,-0.001836824952664795,0.31932731107089707,0.3175207809097285,Andijan,period_2019_to_period_2020
45,period_2019_to_period_2020,period_2019,period_2020,-0.00010433718560370897,-0.004788052665826839,0.004703265003116998,-0.05046050206820535,0.031993567349656166,0.04016052004686044,0.04606611323038634,-0.003856536174544317,0.6054149776101108,0.0031047923775036623,0.31107354490771205,0.31096920772210834,Bukhara,period_2019_to_period_2020
46,period_2019_to_period_2020,period_2019,period_2020,-0.00034048058474211995,-0.0055881138166511135,0.0013578533820280195,-0.0006590526812823017,-0.0014794646901268166,0.006187929693221572,0.0024631577134467397,-0.005285261248579073,0.6377450087368493,0.002143099987871877,0.40595341058055,0.4056129299958079,Jizzakh,period_2019_to_period_2020
47,period_2019_to_period_2020,period_2019,period_2020,0.00790300121070242,-0.0013620314344242601,2.9727640443344416e-05,6.0863993126603066e-05,-0.0004192287495859842,-0.001672987597318265,-0.003212863839649638,-0.0018929842021774557,0.8676650360822675,0.006973280788613034,0.41585304516262056,0.423756046373323,Qarshi,period_2019_to_period_2020
48,period_2019_to_period_2020,period_2019,period_2020,0.0013089603825922613,-0.005007784763764553,0.0020949909915276566,-0.01993730821466877,0.022332986803290808,0.013597198496618168,0.022978882332205325,-0.005096172290609921,1.895425021916628,-0.001302783048015066,0.2493694670858278,0.25067842746842006,Navoiy,period_2019_to_period_2020
49,period_2019_to_period_2020,period_2019,period_2020,0.0027059743706027706,-0.002182048407708151,0.00013283099839082185,0.033320955033996236,-0.03910784318277,-0.029227228564069507,-0.04407165767642657,-0.0024347235020801272,0.2447450047731401,0.0017712299234262097,0.3312598565380879,0.3339658309086907,Namangan,period_2019_to_period_2020
50,period_2019_to_period_2020,period_2019,period_2020,0.005902723376939645,-0.003951825303505144,0.0004966316246060934,-0.000287171558801258,-0.004150464660796396,0.000816036685071575,-0.008870472553316716,-0.003422058683846277,1.1859249971508978,0.005445671166724564,0.40306603151111414,0.4089687548880538,Samarkand,period_2019_to_period_2020
51,period_2019_to_period_2020,period_2019,period_2020,-5.3768861822706127e-05,-0.004511371375317402,-0.0009857658072289083,0.0012663625189687222,0.009364174881696191,-0.0008446738152319555,0.004843667750876801,-0.005121731720368158,0.18768926260912577,-0.000738448256176083,0.2375242163405222,0.2374704474786995,Termez,period_2019_to_period_2020
52,period_2019_to_period_2020,period_2019,period_2020,0.0031429613052990635,-0.0020278647221166624,0.0011869793476654567,-0.013638917289415076,0.0024585248726538833,0.0074391156351907295,0.00598091534105577,-0.0020188505088870046,0.5692399949431417,0.003397376170623523,0.25543688342028426,0.2585798447255833,Gulistan,period_2019_to_period_2020
53,period_2019_to_period_2020,period_2019,period_2020,0.00029177753317571886,-0.004599365013734272,0.0017296359214421103,-0.003659243780581911,-0.004614825010441123,0.002548544535657782,-0.006503595189773115,-0.0038395176959845623,0.20954765014210608,0.0012883227979056666,0.18831618016269197,0.1886079576958677,Nurafshon,period_2019_to_period_2020
54,period_2019_to_period_2020,period_2019,period_2020,0.0028815917823748483,-0.0019889591416704377,0.0007547899868267927,0.00625521370384674,-0.008346025202103077,-0.0036447667153592933,-0.015718103875637074,-0.0017133845902584655,0.2672499964535233,0.001865196920965373,0.26256663745377146,0.2654482292361463,Fergana,period_2019_to_period_2020
55,period_2019_to_period_2020,period_2019,period_2020,-0.0016480187602420093,-0.015716099767131453,0.001318097845282598,-0.05120369419218107,0.02997331628811163,0.03915435437827225,0.040701754428660974,-0.014895413891361259,0.24807501429319379,0.0006841180672656488,0.2801416774931071,0.2784936587328651,Urgench,period_2019_to_period_2020
56,period_2020_to_period_2021,period_2020,period_2021,-0.0008140371264949708,-0.004655565168660114,-0.0003136921397425066,-0.04290801597789895,0.008704968025036744,0.036249891483834173,0.019444028767066635,-0.0046808873874103485,3.6295100142955796,0.0006296223392757705,0.5529898023284704,0.5521757652019754,Tashkent,period_2020_to_period_2021
57,period_2020_to_period_2021,period_2020,period_2021,0.0157433610846964,0.0025583546157265796,-0.00016605092720900494,-0.013978103579343981,0.008337591996304756,0.009162742315549421,0.01071342982532296,0.002633854988076445,0.4998306082449657,0.013867371723076338,0.23292876055727527,0.24867212164197167,Nukus,period_2020_to_period_2021
58,period_2020_to_period_2021,period_2020,period_2021,0.00518200821635062,-0.004611608531634656,-0.002111163543631986,-0.02056507305223515,0.013183967602658525,0.011012199458551919,0.04036150456170978,-0.004286016689982283,0.6142299956679338,0.007182779016087659,0.3175207809097285,0.32270278912607914,Andijan,period_2020_to_period_2021
59,period_2020_to_period_2021,period_2020,period_2021,0.002345926015807298,0.001233765682358931,-0.004923713813311206,-0.019529731974136988,0.0002980984838242273,0.01393187420337283,0.004458552472273392,0.001389520396842009,1.1668950346112252,0.0004352082456181572,0.31096920772210834,0.31331513373791564,Bukhara,period_2020_to_period_2021
60,period_2020_to_period_2021,period_2020,period_2021,-0.003315195390788339,-0.005897548485991735,0.0006799038373359462,-0.03931602897829822,0.014190994296950019,0.02903210067411116,0.030230879671346772,-0.005987184538087609,1.6338699730336659,0.003557626427016125,0.4056129299958079,0.40229773460501955,Jizzakh,period_2020_to_period_2021
61,period_2020_to_period_2021,period_2020,period_2021,-0.005929667134119521,-0.010465918808001184,7.349680438677869e-05,-0.045057485094776584,0.028699137694391516,0.0356877645263351,0.045214042607698346,-0.009567581642438441,1.1684799668788912,0.0006226810510251424,0.423756046373323,0.41782637923920346,Qarshi,period_2020_to_period_2021
62,period_2020_to_period_2021,period_2020,period_2021,0.003923510956738097,-0.0038053405653262623,-0.00030750732505594597,-0.011798818818174323,0.005443480252563131,0.011584739327024196,0.013108187150037864,-0.003483939646165113,0.7447750185132023,0.01475183730902957,0.25067842746842006,0.25460193842515816,Navoiy,period_2020_to_period_2021
63,period_2020_to_period_2021,period_2020,period_2021,-0.0003707392514903929,-0.002219629458015182,-0.0012886862077246403,-0.05202260914763118,0.037283274179734954,0.03671778677031157,0.05356467530865519,-0.0018817638205139847,1.085705004930496,0.0010926501256838805,0.3339658309086907,0.3335950916572003,Namangan,period_2020_to_period_2021
64,period_2020_to_period_2021,period_2020,period_2021,0.004595138214492145,-0.013239520632980478,0.0013200742933497586,-0.07505671045654116,0.03797009722596478,0.05913208872275505,0.06212087506262687,-0.012865241452373402,3.0235150052309043,0.010600659165409865,0.4089687548880538,0.41356389310254593,Samarkand,period_2020_to_period_2021
65,period_2020_to_period_2021,period_2020,period_2021,-0.001077789590810424,-0.00844130430894438,0.0028376766571309303,-0.03923149634487205,0.021657905137910854,0.02735784706120442,0.032944441781898315,-0.00866376454036763,0.49974502506852136,0.001128293942450509,0.2374704474786995,0.23639265788788907,Termez,period_2020_to_period_2021
66,period_2020_to_period_2021,period_2020,period_2021,0.0013580494403995225,-0.007998979809012749,0.0001345770704104174,-0.019724614884763736,0.011027757528641657,0.01931375291572246,0.01826506361974392,-0.00849597552728118,0.626059996366501,0.002498858589395414,0.2585798447255833,0.25993789416598284,Gulistan,period_2020_to_period_2021
67,period_2020_to_period_2021,period_2020,period_2021,0.0017808615476579692,-0.006063311898808987,0.001357738574229314,-0.019536741649049172,-0.018168907027018663,0.016650077321864076,-0.003950147819401395,-0.00590008037664054,0.3999400072097776,0.002010135004668734,0.1886079576958677,0.19038881924352566,Nurafshon,period_2020_to_period_2021
68,period_2020_to_period_2021,period_2020,period_2021,-0.004221367321308345,-0.003337385359294523,-0.00016504041149322662,-0.00829073010435627,-0.0008412119919820327,0.00443545072064766,0.014487754762193134,-0.003898503185096311,1.322549990296364,-0.0014137874800287387,0.2654482292361463,0.26122686191483796,Fergana,period_2020_to_period_2021
69,period_2020_to_period_2021,period_2020,period_2021,0.0011663856471387235,0.00749226632557165,-0.0009832419518862323,0.00750446408152311,-0.00874277356958289,-0.0028846113340908475,-0.005950262107775939,0.00640587493215905,0.4158499901890753,0.000412621517118239,0.2784936587328651,0.2796600443800038,Urgench,period_2020_to_period_2021
70,period_2021_to_period_2022,period_2021,period_2022,-0.00014906055241969973,0.003616726324015801,0.0008793058386188865,0.02042377234239179,0.0019494583993918332,-0.016206928636411655,-0.0008829323252092236,0.003143839439014931,-0.007164960384368868,-0.0003946296593579923,0.5521757652019754,0.5520267046495557,Tashkent,period_2021_to_period_2022
71,period_2021_to_period_2022,period_2021,period_2022,-0.0036355437523411804,0.0035850206182695687,-0.0012036028547373762,0.021125493074271,-0.015583470810623234,-0.016563419398563428,-0.02161696018817548,0.0032456426737330485,0.04063437685744953,-0.008391939304235985,0.24867212164197167,0.24503657788963049,Nukus,period_2021_to_period_2022
72,period_2021_to_period_2022,period_2021,period_2022,0.007592647974050182,0.011911343445396391,-0.0016802370263303695,0.025769904898353624,-0.016097296305925643,-0.015498962066337607,-0.03275282328429227,0.011579073764590858,0.28540003025531835,0.004197045605850713,0.32270278912607914,0.3302954371001293,Andijan,period_2021_to_period_2022
73,period_2021_to_period_2022,period_2021,period_2022,0.0021839906839402623,0.01140357562141775,-0.0012687725570251634,0.0569126643938499,-0.02500934730725793,-0.0424641100281406,-0.0377378860730459,0.011830125575488085,1.30356399204297,0.0010115574465697774,0.31331513373791564,0.3154991244218559,Bukhara,period_2021_to_period_2022
74,period_2021_to_period_2022,period_2021,period_2022,0.0008014344761053116,0.0076512467792170386,-0.0007046495799113775,0.0292106416426548,-0.009950866891171584,-0.0169624392454944,-0.020325940004745607,0.008268057150889324,0.5911850495934488,-0.003926069050606884,0.40229773460501955,0.40309916908112486,Jizzakh,period_2021_to_period_2022
75,period_2021_to_period_2022,period_2021,period_2022,0.0022278769543080945,0.007003016359624248,-0.0005326098406664981,0.03248473710606936,-0.02898503473463135,-0.023229450103259275,-0.03628850926311847,0.006848856737712752,0.8379199931621546,0.0005665861521671478,0.41782637923920346,0.42005425619351155,Qarshi,period_2021_to_period_2022
76,period_2021_to_period_2022,period_2021,period_2022,-0.0008077383088286871,0.009335711423666862,-0.004009171617885714,0.014453431055355376,-0.016582426842440663,-0.012445355258918656,-0.018887854679360827,0.00912556255231356,-0.17383002489805222,-0.0033971773405294114,0.25460193842515816,0.25379420011632947,Navoiy,period_2021_to_period_2022
77,period_2021_to_period_2022,period_2021,period_2022,0.011406066812895743,0.010109838047538372,-0.00155366983325754,0.026270029337522094,-0.019070697267910677,-0.01720653173862907,-0.03129507746164678,0.01014940463682984,0.3781149649620055,0.007541176052296039,0.3335950916572003,0.34500115847009605,Namangan,period_2021_to_period_2022
78,period_2021_to_period_2022,period_2021,period_2022,-0.00017881787170354047,0.008379923411314202,-0.0021745237012215715,0.051142208770823594,-0.027248220010351182,-0.03650337602193521,-0.03811208702399008,0.00815463649458753,1.2510799824595438,-0.0038596917600344782,0.41356389310254593,0.4133850752308424,Samarkand,period_2021_to_period_2022
79,period_2021_to_period_2022,period_2021,period_2022,-0.004076891372445962,-6.488246028307776e-06,-0.00578306275000795,0.01431645619577851,-0.005381990138039472,-0.003926939194963397,-0.008341706524253645,0.0009228082461955334,0.25776999089121855,-0.0017794613731094144,0.23639265788788907,0.2323157665154431,Termez,period_2021_to_period_2022
80,period_2021_to_period_2022,period_2021,period_2022,0.011116314403427807,0.01729321690474439,-0.003223006393067135,0.042740988893777865,-0.02122338394251727,-0.03220667481241585,-0.027097448219940562,0.01665896590350209,-0.39017164414286754,0.008769167763556074,0.25993789416598284,0.27105420856941065,Gulistan,period_2021_to_period_2022
81,period_2021_to_period_2022,period_2021,period_2022,0.00545224583279616,0.006484020223755604,0.007245169036732529,0.016512418970629383,0.0025539284734537315,-0.004521643150174115,0.0009579605428688964,0.0069978764684465455,0.31350999021530157,0.004385642091291497,0.19038881924352566,0.19584106507632182,Nurafshon,period_2021_to_period_2022
82,period_2021_to_period_2022,period_2021,period_2022,0.01923760496760374,0.004370482730343683,-0.0015014281239943417,0.012531323959525942,-0.009476243696689035,-0.00857309878838769,-0.015695885696529105,0.004903063205989627,0.17278334876618917,0.018649497755929667,0.26122686191483796,0.2804644668824417,Fergana,period_2021_to_period_2022
83,period_2021_to_period_2022,period_2021,period_2022,0.0016555879812455432,0.012002954209750949,-0.0010887046157371863,0.01613269470312767,-0.011767085255409718,-0.014568015787227995,-0.02704903766999972,0.012022603488330716,0.3331700153350834,-0.0008641878934859681,0.2796600443800038,0.28131563236124935,Urgench,period_2021_to_period_2022
84,period_2022_to_period_2023,period_2022,period_2023,0.010015387102016549,0.00041821552047559274,-0.0003751638630330456,0.011028348262358156,-0.03508678691364216,-0.010262859820621084,-0.03555853544836832,0.0006233186483160236,0.07342000973224572,0.008515581190865262,0.5520267046495557,0.5620420917515723,Tashkent,period_2022_to_period_2023
85,period_2022_to_period_2023,period_2022,period_2023,0.005470899168618065,-0.005222139012536209,0.0012528050124178403,-0.029798868208899876,0.03374724318482429,0.02520658697300182,0.04840070402938759,-0.004789745476018029,-0.5083949972391131,0.01214426364611687,0.24503657788963049,0.25050747705824855,Nukus,period_2022_to_period_2023
86,period_2022_to_period_2023,period_2022,period_2023,0.001455534675475434,-0.005176389520849187,0.0012464853458962546,-0.006001714455879326,0.0016644813613890391,0.0030088433124830782,0.0021441212146664224,-0.004746966700349645,0.584909981250763,-0.001022433902950981,0.3302954371001293,0.33175097177560475,Andijan,period_2022_to_period_2023
87,period_2022_to_period_2023,period_2022,period_2023,-0.002102653142178279,-0.003889857589078491,-0.001122493029681794,-0.0016328175450929239,-0.003233969931604519,0.0029116195380113896,-0.003152734908652366,-0.00523130529112345,-0.8417240088777058,-0.0016695506716825625,0.3154991244218559,0.3133964712796776,Bukhara,period_2022_to_period_2023
88,period_2022_to_period_2023,period_2022,period_2023,0.007488568295055953,-0.0025729390525196377,-0.00020178543533276583,-0.007181140244603035,-0.009853355718718981,-0.0020996640612510054,-0.017592382620594343,-0.002479766819659085,0.9194949647188189,0.004465929819440939,0.40309916908112486,0.4105877373761808,Jizzakh,period_2022_to_period_2023
89,period_2022_to_period_2023,period_2022,period_2023,0.004639853653265802,-0.003106835007839079,-0.00011174852502706528,-0.018361134975322768,0.004367119664392738,0.016259949105397797,0.007215203407692633,-0.003094015770726974,0.8324150146841998,0.0061342250475320825,0.42005425619351155,0.42469410984677736,Qarshi,period_2022_to_period_2023
90,period_2022_to_period_2023,period_2022,period_2023,0.00318050501751288,-0.0057941123217898904,0.0036177164638397374,-0.013408735976809805,0.007563256137987084,0.014870439776661526,0.01360715586721184,-0.005751939370071971,-0.8423000134825704,0.004592136541197167,0.25379420011632947,0.25697470513384235,Navoiy,period_2022_to_period_2023
91,period_2022_to_period_2023,period_2022,period_2023,0.00223513759435906,-0.006391577290815409,0.0017281179597233368,-0.011703793488962555,0.016005104186595842,0.009136242874160982,0.014740762072917801,-0.006026416005034688,0.862175042927265,0.001386668563235549,0.34500115847009605,0.3472362960644551,Namangan,period_2022_to_period_2023
92,period_2022_to_period_2023,period_2022,period_2023,0.005875424643124794,-0.0038622097354838736,0.0003680211113812615,-0.015393583769130692,-0.008492492935573387,0.01003976023413694,-0.0067467595406109915,-0.004219623208683229,0.7249250292778022,0.00617381276546175,0.4133850752308424,0.4192604998739672,Samarkand,period_2022_to_period_2023
93,period_2022_to_period_2023,period_2022,period_2023,-0.0015284394716145455,5.508528056087647e-05,0.0025616791880456735,-0.006144204156870836,-0.00021658440171343218,0.006110599078201329,0.0040152637822240544,-0.0005889365798736335,0.11453502225875845,0.002606961266405472,0.2323157665154431,0.23078732704382857,Termez,period_2022_to_period_2023
94,period_2022_to_period_2023,period_2022,period_2023,-0.004094773909747662,-0.006764950896540736,-0.00035825960634350285,0.01601873212775362,-0.027655462313528084,-0.014683224517903215,-0.039334922052870536,-0.007003993178939155,0.0364127819406761,-0.004331954141799155,0.27105420856941065,0.266959434659663,Gulistan,period_2022_to_period_2023
95,period_2022_to_period_2023,period_2022,period_2023,0.0005311394767644195,-0.0029480313013779957,-0.002714259938243882,0.008351202678071656,-0.036633002072122875,-0.013442353473398783,-0.03760754379473613,-0.004190621505734668,0.1294400041103363,0.0010912146006677725,0.19584106507632182,0.19637220455308624,Nurafshon,period_2022_to_period_2023
96,period_2022_to_period_2023,period_2022,period_2023,-0.01042034577703499,0.0013992038155936914,0.0008140870363587752,-0.0034898129465131267,0.01771143914166201,0.0007399130155654743,0.012870505078805272,0.00048068716370092135,-0.19250832959733533,-0.01742197452639971,0.2804644668824417,0.2700441211054067,Fergana,period_2022_to_period_2023
97,period_2022_to_period_2023,period_2022,period_2023,0.00959497667367859,-0.007856253460512191,0.002668594890696936,0.004797596128901183,0.02255359907771376,0.00261412854835269,0.02306982710304689,-0.007420616341909325,0.21301499795913692,0.010048326831473331,0.28131563236124935,0.29091060903492794,Urgench,period_2022_to_period_2023
98,period_2023_to_period_2024,period_2023,period_2024,0.005815727177747254,0.0035113799163176973,0.0005093546820099173,0.0040175058443495115,0.01776740825082402,0.00033646258458885914,0.01086373460985715,0.0032142541609685576,-0.8638800349235538,0.005562663942624502,0.5620420917515723,0.5678578189293195,Tashkent,period_2023_to_period_2024
99,period_2023_to_period_2024,period_2023,period_2024,0.003161048682857326,0.0029283922483090558,-0.0024310363073593994,0.028714103598816737,-0.02647548084330007,-0.020151885921543933,-0.03635866101899336,0.002637776613370099,-0.37495999741554265,-0.00143238825169284,0.25050747705824855,0.2536685257411059,Nukus,period_2023_to_period_2024
100,period_2023_to_period_2024,period_2023,period_2024,0.002505108786575172,0.0015145572250597067,0.0018725046173739823,0.019967079647515207,-0.010536653832778964,-0.01134706459349949,-0.016726942661548172,0.0015568239285314311,-0.19999499076604899,0.007379286677800911,0.33175097177560475,0.3342560805621799,Andijan,period_2023_to_period_2024
101,period_2023_to_period_2024,period_2023,period_2024,0.0033748080676129777,0.00014462399941429782,0.00038712476224961323,0.012014073222837818,0.0012918419126390357,-0.010646376412356273,-0.0014795108927935785,0.0006228161751563183,-0.8491099824309352,0.0016864840873750953,0.3133964712796776,0.3167712793472906,Bukhara,period_2023_to_period_2024
102,period_2023_to_period_2024,period_2023,period_2024,-0.00010374993493073026,0.0054080119465614584,0.0010782180196668642,0.007229797187809361,0.005684083009637936,-9.179335470005379e-05,0.010783144964476549,0.0046535738412273875,-0.1623999856710432,-0.000810639879006092,0.4105877373761808,0.4104839874412501,Jizzakh,period_2023_to_period_2024
103,period_2023_to_period_2024,period_2023,period_2024,0.017367393339088877,0.009581011035233247,-0.0010167928549810606,0.03465056416612766,-0.012610049788683436,-0.024702654126804335,-0.017548272742710647,0.008748242018653166,-1.0827145864059746,0.012038850685885505,0.42469410984677736,0.44206150318586623,Qarshi,period_2023_to_period_2024
104,period_2023_to_period_2024,period_2023,period_2024,0.006376453942811222,0.002263636243741568,0.00025505701699806566,0.02207413554608223,-0.0063964653886997985,-0.017819446049422483,-0.008393386339299813,0.0035003719543456324,-0.42800498664379116,0.0002334618199148486,0.25697470513384235,0.2633511590766536,Navoiy,period_2023_to_period_2024
105,period_2023_to_period_2024,period_2023,period_2024,-0.006110815492863908,0.0022779660893921805,0.0014412396117431739,0.01902161218019116,-0.012683234382451933,-0.010787272762483757,-0.020427423251945104,0.0015847904938287027,-0.2521050270199776,-0.0016115599963235638,0.3472362960644551,0.3411254805715912,Namangan,period_2023_to_period_2024
106,period_2023_to_period_2024,period_2023,period_2024,0.00021891209938845746,0.0074085723372159795,-0.0004416233834791117,0.02223569149729393,0.004844772389631935,-0.015356917804207226,0.0018312384379652047,0.0076997598230014175,-0.9845349928140639,-0.001502771659641522,0.4192604998739672,0.41947941197335564,Samarkand,period_2023_to_period_2024
107,period_2023_to_period_2024,period_2023,period_2024,0.011369911658111936,0.00705331065878273,-0.0013959720868151615,0.023445681384419464,-0.015356799408097088,-0.022208790750443297,-0.02293721173512764,0.007257953199622649,-0.3008400211930278,0.005096465814719009,0.23078732704382857,0.2421572387019405,Termez,period_2023_to_period_2024
108,period_2023_to_period_2024,period_2023,period_2024,0.0023252870067589915,0.00990768408406309,0.0032733347852778663,0.010504302515057518,0.007649568865353784,-0.0006756990280263886,0.0050960687378529546,0.01065980459274557,-0.1055261437844992,0.002019762291351479,0.266959434659663,0.269284721666422,Gulistan,period_2023_to_period_2024
109,period_2023_to_period_2024,period_2023,period_2024,0.002422283755205007,0.010879630869946588,0.0015054045983337733,0.014853246767637718,0.007125877274602205,-0.005374593589831056,-0.006533888770697882,0.009943374866465682,-0.22663000154495228,0.0014580757867109495,0.19637220455308624,0.19879448830829125,Nurafshon,period_2023_to_period_2024
110,period_2023_to_period_2024,period_2023,period_2024,0.005354394955584263,0.004967685602189076,0.0019457214752367225,0.016026052640852884,-0.016588172265492196,-0.008106011218631526,-0.022288621146279802,0.004582704340297172,-0.2415250048041342,0.01062453030417393,0.2700441211054067,0.27539851606099097,Fergana,period_2023_to_period_2024
111,period_2023_to_period_2024,period_2023,period_2024,-0.0027353374742686287,-7.336113214452544e-05,-0.00022363902896607724,0.038053985131186074,-0.04700569107391303,-0.02971061085132498,-0.05835076860511279,-0.00017649686417692267,0.1736599939465524,-0.0030930357972512867,0.29091060903492794,0.2881752715606593,Urgench,period_2023_to_period_2024
112,period_2024_to_period_2025,period_2024,period_2025,-0.00621604013950694,-0.0017202348239198223,-0.0009579267172829461,-0.006349197357608194,0.01686185540575199,0.0034270825631070867,0.024303553992441135,-0.0019248932162009569,1.2609800554513946,-0.0032883085519631594,0.5678578189293195,0.5616417787898126,Tashkent,period_2024_to_period_2025
113,period_2024_to_period_2025,period_2024,period_2025,-5.4875934291598316e-05,0.002698703705169586,0.0021671306216058395,-0.012177741064975295,0.005736203803585322,0.011135041857500971,0.013802539853842097,0.0025138874795357646,-0.8507800053060053,0.003896965973610056,0.2536685257411059,0.2536136498068143,Nukus,period_2024_to_period_2025
114,period_2024_to_period_2025,period_2024,period_2025,-0.00525225521045003,-0.0019168640084263056,0.0009905133282519518,-0.03095088909304089,0.024404171773765804,0.026143827876608183,0.036285828947004106,-0.002330225041147896,0.5174099914431576,-0.006720738179265606,0.3342560805621799,0.3290038253517299,Andijan,period_2024_to_period_2025
115,period_2024_to_period_2025,period_2024,period_2025,-0.0003264352669688497,-0.0037732969952284923,0.006237114740135594,-0.027680279090139148,0.015677924406554716,0.024163206202287457,0.0293176498374203,-0.003899490158566263,-0.0826300133466722,0.006157608164976902,0.3167712793472906,0.31644484408032175,Bukhara,period_2024_to_period_2025
116,period_2024_to_period_2025,period_2024,period_2025,-0.004075617024755063,0.001239323864420619,-8.467937066757025e-05,0.010062463419377166,-0.003096067418556475,-0.009209113982350359,-0.005262614748439476,0.0011133932958590775,0.21136999231576947,-0.0052973835017685045,0.4104839874412501,0.406408370416495,Jizzakh,period_2024_to_period_2025
117,period_2024_to_period_2025,period_2024,period_2025,-0.019872056191921506,-0.0051285880231604075,0.0007249021804076466,-0.024739792983022424,0.023368979211620927,0.01763461590812271,0.02932514620507909,-0.004824912716038077,1.3132795929004972,-0.013439120138790728,0.44206150318586623,0.42218944699394473,Qarshi,period_2024_to_period_2025
118,period_2024_to_period_2025,period_2024,period_2025,-0.00501877283606067,-0.004256158462741799,0.005006426457154316,-0.029877083690359824,0.016286952536472894,0.025664221022499656,0.022878238452699595,-0.0046549171477791584,-0.034950015842914794,0.005270422202793945,0.2633511590766536,0.2583323862405929,Navoiy,period_2024_to_period_2025
119,period_2024_to_period_2025,period_2024,period_2025,-0.006243030365391533,-0.0027147218378534566,0.0006303388164181634,-0.02889684351659505,0.020138699888354747,0.02160613225761754,0.038439534971102696,-0.0020102190895950056,-0.21298999708890864,-0.003993137075985753,0.3411254805715912,0.33488245020619967,Namangan,period_2024_to_period_2025
120,period_2024_to_period_2025,period_2024,period_2025,0.0006842036365666271,-0.004003076186700497,0.00024283631458806715,-0.01556612145337588,0.012713581126645238,0.011795294641050169,0.023438462772067792,-0.0045922449515826,-0.8561200010776524,0.0029699633859665564,0.41947941197335564,0.42016361560992227,Samarkand,period_2024_to_period_2025
121,period_2024_to_period_2025,period_2024,period_2025,-0.010492306084022851,-0.005147861907142212,0.006249163606553337,-0.005840186296601102,-0.011103429828218603,0.005254638482909191,-0.003908330830341755,-0.0055289834101000385,-0.6912800062596798,-0.006933283663110412,0.2421572387019405,0.23166493261791765,Termez,period_2024_to_period_2025
122,period_2024_to_period_2025,period_2024,period_2025,-0.00029658216474620636,-0.010014735166243446,0.0014496171700097704,-0.035231793477482065,0.02420580134076912,0.027566603337287887,0.04187918067343965,-0.010528681574016027,-0.5837599861025811,0.004459910944975887,0.269284721666422,0.26898813950167577,Gulistan,period_2024_to_period_2025
123,period_2024_to_period_2025,period_2024,period_2025,0.0007176417218012487,-0.005631235836076526,-0.0033651528960018384,-0.0027494882696932343,0.022282587190293815,0.0026721507561774382,0.03844536380490743,-0.00508518029682381,-0.0635799968838695,0.003630636118566566,0.19879448830829125,0.1995121300300925,Nurafshon,period_2024_to_period_2025
124,period_2024_to_period_2025,period_2024,period_2025,-0.011735323322464797,-0.0022716285805989556,-0.0022054023119072105,-0.0010991686044049542,-0.004115040211425655,0.0013671051916852028,0.004041715181290151,-0.0028936605416468586,0.17772999149560942,-0.01287970539445582,0.27539851606099097,0.2636631927385262,Fergana,period_2024_to_period_2025
125,period_2024_to_period_2025,period_2024,period_2025,0.0014236610557332718,-0.0027875418221789544,0.00489461837935188,-0.09076094919024957,0.07559771598694388,0.07399648935539327,0.10197578630138121,-0.002442674726493968,-0.9067000091075901,0.007046258171429509,0.2881752715606593,0.2895989326163926,Urgench,period_2024_to_period_2025
