City,Hazards_Score,Exposure_Score,Vulnerability_Score,Adaptive_Capacity_Score,Overall_Risk_Score
Nurafshon,0.202,0.11093624060150377,0.34735317142857147,0.381100208315865,0.11137439446970145
Jizzakh,0.2852,0.35717804511278195,0.623791,0.3399937993969849,0.23061255792576324
Namangan,0.46,0.7245676691729325,0.7318144142857143,0.24229435531945442,0.4170515676308173
Andijan,0.4512,0.5629323308270678,0.6827913142857144,0.29081020963101223,0.3438283708816178
Qarshi,0.4037333333333334,0.4584962406015038,0.6635824571428572,0.2842580360315865,0.3048865510653994
Gulistan,0.23,0.14815473684210528,0.46464698571428575,0.34607116656999276,0.14900431026062416
Navoiy,0.3022,0.3010931578947369,0.2894075,0.45538313079396986,0.1373564471295284
Bukhara,0.3663333333333333,0.4437781954887219,0.6110442142857143,0.2988269654702082,0.2758038788943984
Nukus,0.39280000000000004,0.48721413533834595,0.6493608,0.28779340510552764,0.3040005674819903
Fergana,0.3532,0.4732706766917294,0.6503796857142857,0.2853559447408471,0.2916149462419074
