date,date_label,source,key,source_mean_umol_m2,city_mean_umol_m2,source_valid_pixels,city_valid_pixels,domain_coverage_fraction,wind_speed_ms,flow_to_bearing_deg,mean_transport_alignment
2025-10-15,15 Oct 2025,Almalyk smelter complex,almalyk,420.28468970528195,-6.410811893253678,27,28,1.0,0.8109621026212884,229.53206569336103,0.0
2025-10-15,15 Oct 2025,Angren power / industrial corridor,angren,296.0740451403091,-6.410811893253678,29,28,1.0,0.8109621026212884,229.53206569336103,0.3801716007819708
2025-10-15,15 Oct 2025,Chirchiq industrial area,chirchiq,114.83615543819542,-6.410811893253678,31,28,1.0,0.8109621026212884,229.53206569336103,0.9920143375267507
2025-10-15,15 Oct 2025,Tashkent urban / CHP corridor,tashkent_corridor,-6.410811893253678,-6.410811893253678,28,28,1.0,0.8109621026212884,229.53206569336103,
2025-11-15,15 Nov 2025,Almalyk smelter complex,almalyk,2006.397450751237,1869.8650478542852,27,28,0.775,1.4995453172927156,254.41563734924313,0.2658619951823865
2025-11-15,15 Nov 2025,Angren power / industrial corridor,angren,518.5981299977656,1869.8650478542852,19,28,0.775,1.4995453172927156,254.41563734924313,0.7340604404319101
2025-11-15,15 Nov 2025,Chirchiq industrial area,chirchiq,226.1361542433702,1869.8650478542852,31,28,0.775,1.4995453172927156,254.41563734924313,0.9529907909503923
2025-11-15,15 Nov 2025,Tashkent urban / CHP corridor,tashkent_corridor,1869.8650478542852,1869.8650478542852,28,28,0.775,1.4995453172927156,254.41563734924313,
2025-12-15,15 Dec 2025,Almalyk smelter complex,almalyk,,,0,0,0.0,0.3566070101076113,221.87682509010943,0.0
2025-12-15,15 Dec 2025,Angren power / industrial corridor,angren,,,0,0,0.0,0.3566070101076113,221.87682509010943,0.253573450101714
2025-12-15,15 Dec 2025,Chirchiq industrial area,chirchiq,,,0,0,0.0,0.3566070101076113,221.87682509010943,0.9663716938410818
2025-12-15,15 Dec 2025,Tashkent urban / CHP corridor,tashkent_corridor,,,0,0,0.0,0.3566070101076113,221.87682509010943,
2026-01-15,15 Jan 2026,Almalyk smelter complex,almalyk,,,0,0,0.0,0.6359197708318732,279.62468784957474,0.6511349829054112
2026-01-15,15 Jan 2026,Angren power / industrial corridor,angren,,,0,0,0.0,0.6359197708318732,279.62468784957474,0.9533853863597305
2026-01-15,15 Jan 2026,Chirchiq industrial area,chirchiq,,,0,0,0.0,0.6359197708318732,279.62468784957474,0.7331736266638239
2026-01-15,15 Jan 2026,Tashkent urban / CHP corridor,tashkent_corridor,,,0,0,0.0,0.6359197708318732,279.62468784957474,
2026-02-07,7 Feb 2026,Almalyk smelter complex,almalyk,392.10602501476706,174.28557298442328,24,28,0.865,0.9477946684121454,282.1966223456476,0.6845364691571516
2026-02-07,7 Feb 2026,Angren power / industrial corridor,angren,788.2303069537948,174.28557298442328,13,28,0.865,0.9477946684121454,282.1966223456476,0.9659658784305055
2026-02-07,7 Feb 2026,Chirchiq industrial area,chirchiq,136.6662632676514,174.28557298442328,29,28,0.865,0.9477946684121454,282.1966223456476,0.7019191341265844
2026-02-07,7 Feb 2026,Tashkent urban / CHP corridor,tashkent_corridor,174.28557298442328,174.28557298442328,28,28,0.865,0.9477946684121454,282.1966223456476,
2026-02-17,17 Feb 2026,Almalyk smelter complex,almalyk,681.0092948956378,232.12780558447037,25,28,0.925,1.3072602360664414,289.8592107771852,0.7756252287701336
2026-02-17,17 Feb 2026,Angren power / industrial corridor,angren,420.3093189176589,232.12780558447037,18,28,0.925,1.3072602360664414,289.8592107771852,0.9918310209164115
2026-02-17,17 Feb 2026,Chirchiq industrial area,chirchiq,185.4176782126238,232.12780558447037,31,28,0.925,1.3072602360664414,289.8592107771852,0.6006796774076013
2026-02-17,17 Feb 2026,Tashkent urban / CHP corridor,tashkent_corridor,232.12780558447037,232.12780558447037,28,28,0.925,1.3072602360664414,289.8592107771852,
2026-03-12,12 Mar 2026,Almalyk smelter complex,almalyk,479.36994382123686,176.17767561350067,17,28,0.5775,,,
2026-03-12,12 Mar 2026,Angren power / industrial corridor,angren,,176.17767561350067,0,28,0.5775,,,
2026-03-12,12 Mar 2026,Chirchiq industrial area,chirchiq,-34.83851462502428,176.17767561350067,12,28,0.5775,,,
2026-03-12,12 Mar 2026,Tashkent urban / CHP corridor,tashkent_corridor,176.17767561350067,176.17767561350067,28,28,0.5775,,,
